tp_id,ntp_id
ABCA3_HUMAN,XRN1_HUMAN
PLCB1_HUMAN,A0A2R8YDE6_HUMAN
SYLC_HUMAN,LATS1_HUMAN
NUP93_HUMAN,GELS_HUMAN
PLPL9_HUMAN,A0A7P0TAW3_HUMAN
HES1_HUMAN,DHI1_HUMAN
LOX12_HUMAN,TRI25_HUMAN
TECT3_HUMAN,EDEM2_HUMAN
ASNS_HUMAN,RPE65_HUMAN
NOTC1_HUMAN,TASO2_HUMAN
NOTC1_HUMAN,ABCA2_HUMAN
MRP2_HUMAN,A6NMQ1_HUMAN
MRP2_HUMAN,SNPC4_HUMAN
CDHR2_HUMAN,F8VXC8_HUMAN
CDHR2_HUMAN,A0A087WYF6_HUMAN
AASS_HUMAN,SH3R1_HUMAN
AASS_HUMAN,SH3R3_HUMAN
NUBP1_HUMAN,CSN5_HUMAN
NUBP1_HUMAN,BT3A2_HUMAN
CC14A_HUMAN,DONS_HUMAN
CC14A_HUMAN,CPEB1_HUMAN
BIN1_HUMAN,K2C6A_HUMAN
BIN1_HUMAN,DPYL5_HUMAN
DUOX2_HUMAN,NLRP1_HUMAN
DUOX2_HUMAN,A0A3B3ISE6_HUMAN
DUOX2_HUMAN,E9PGC5_HUMAN
MRP1_HUMAN,FANCA_HUMAN
MRP1_HUMAN,A0A2R8YGG3_HUMAN
MRP1_HUMAN,MAGI2_HUMAN
MICA1_HUMAN,PARP1_HUMAN
MICA1_HUMAN,H7C5T8_HUMAN
MICA1_HUMAN,A0A8I5KS77_HUMAN
DHX36_HUMAN,RRP44_HUMAN
DHX36_HUMAN,SLIK5_HUMAN
DHX36_HUMAN,DSE_HUMAN
SDCB1_HUMAN,WDR82_HUMAN
SDCB1_HUMAN,RN126_HUMAN
SDCB1_HUMAN,S2536_HUMAN
CDK12_HUMAN,B7ZLR4_HUMAN
CDK12_HUMAN,PLCH2_HUMAN
CDK12_HUMAN,BLM_HUMAN
CDK12_HUMAN,UACA_HUMAN
MRP4_HUMAN,AUTS2_HUMAN
MRP4_HUMAN,TPC10_HUMAN
MRP4_HUMAN,ITPI2_HUMAN
MRP4_HUMAN,E9PRF4_HUMAN
PFKAM_HUMAN,IKKA_HUMAN
PFKAM_HUMAN,ADA10_HUMAN
PFKAM_HUMAN,TRIM3_HUMAN
PFKAM_HUMAN,Q9HAB4_HUMAN
INP5E_HUMAN,E7ET46_HUMAN
INP5E_HUMAN,AIFM1_HUMAN
INP5E_HUMAN,COG8_HUMAN
INP5E_HUMAN,GGA2_HUMAN
RPB1_HUMAN,CAC1S_HUMAN
RPB1_HUMAN,J3KPG5_HUMAN
RPB1_HUMAN,A0A8I5KUE4_HUMAN
RPB1_HUMAN,ANK1_HUMAN
RPB1_HUMAN,RGPA2_HUMAN
A2MG_HUMAN,DISP2_HUMAN
A2MG_HUMAN,EDC4_HUMAN
A2MG_HUMAN,KDM6A_HUMAN
A2MG_HUMAN,CND1_HUMAN
A2MG_HUMAN,H0YNH8_HUMAN
NLRP1_HUMAN,A0A804HLG8_HUMAN
NLRP1_HUMAN,F5H748_HUMAN
NLRP1_HUMAN,E7EVG6_HUMAN
NLRP1_HUMAN,RON_HUMAN
NLRP1_HUMAN,SCAPE_HUMAN
FANCA_HUMAN,PKHG1_HUMAN
FANCA_HUMAN,PALLD_HUMAN
FANCA_HUMAN,Q5JYA6_HUMAN
FANCA_HUMAN,CEIP2_HUMAN
FANCA_HUMAN,CNTP1_HUMAN
HLTF_HUMAN,LONM_HUMAN
HLTF_HUMAN,XYLT1_HUMAN
HLTF_HUMAN,A0A6Q8PGE8_HUMAN
HLTF_HUMAN,J3KQH6_HUMAN
HLTF_HUMAN,GT2D1_HUMAN
SMBP2_HUMAN,V9HWJ0_HUMAN
SMBP2_HUMAN,A0A2R8Y438_HUMAN
SMBP2_HUMAN,E9PR38_HUMAN
SMBP2_HUMAN,GANAB_HUMAN
SMBP2_HUMAN,UN45A_HUMAN
A7UKY0_HUMAN,HHEX_HUMAN
A7UKY0_HUMAN,KCIP2_HUMAN
A7UKY0_HUMAN,TIGAR_HUMAN
A7UKY0_HUMAN,SPI1_HUMAN
A7UKY0_HUMAN,TSN17_HUMAN
P3C2G_HUMAN,SNED1_HUMAN
P3C2G_HUMAN,FHAD1_HUMAN
P3C2G_HUMAN,A0A6Q8PFY3_HUMAN
P3C2G_HUMAN,MIA2_HUMAN
P3C2G_HUMAN,ERBIN_HUMAN
P3C2G_HUMAN,F8W9S7_HUMAN
PK3CA_HUMAN,E9PK67_HUMAN
PK3CA_HUMAN,CND3_HUMAN
PK3CA_HUMAN,SMG5_HUMAN
PK3CA_HUMAN,PTPR2_HUMAN
PK3CA_HUMAN,SKOR2_HUMAN
PK3CA_HUMAN,MAML1_HUMAN
SRPK2_HUMAN,SARM1_HUMAN
SRPK2_HUMAN,P85A_HUMAN
SRPK2_HUMAN,LARP4_HUMAN
SRPK2_HUMAN,H0YB16_HUMAN
SRPK2_HUMAN,HS90B_HUMAN
SRPK2_HUMAN,DLG4_HUMAN
HSP7C_HUMAN,ZN653_HUMAN
HSP7C_HUMAN,DDX5_HUMAN
HSP7C_HUMAN,FA12_HUMAN
HSP7C_HUMAN,NUB1_HUMAN
HSP7C_HUMAN,MSL1_HUMAN
HSP7C_HUMAN,A0A0D2X7Z3_HUMAN
FAS_HUMAN,A0A804HID9_HUMAN
FAS_HUMAN,FILA2_HUMAN
FAS_HUMAN,A0A804HLC5_HUMAN
FAS_HUMAN,A0A087WYQ1_HUMAN
FAS_HUMAN,RP1L1_HUMAN
FAS_HUMAN,SPTN2_HUMAN
ERBB3_HUMAN,GAK_HUMAN
ERBB3_HUMAN,ARGAL_HUMAN
ERBB3_HUMAN,CLU_HUMAN
ERBB3_HUMAN,RAD50_HUMAN
ERBB3_HUMAN,AFF2_HUMAN
ERBB3_HUMAN,AMRA1_HUMAN
ARNT_HUMAN,STAT1_HUMAN
ARNT_HUMAN,MUTA_HUMAN
ARNT_HUMAN,POMT2_HUMAN
ARNT_HUMAN,A0A6Q8PGB2_HUMAN
ARNT_HUMAN,NEP_HUMAN
ARNT_HUMAN,FOLH1_HUMAN
MET16_HUMAN,NECT2_HUMAN
MET16_HUMAN,CARD9_HUMAN
MET16_HUMAN,EHD3_HUMAN
MET16_HUMAN,SAMD1_HUMAN
MET16_HUMAN,GBA1_HUMAN
MET16_HUMAN,SSDH_HUMAN
FPPS_HUMAN,GORS1_HUMAN
FPPS_HUMAN,ETS1_HUMAN
FPPS_HUMAN,GBRP_HUMAN
FPPS_HUMAN,UBP27_HUMAN
FPPS_HUMAN,PAFA_HUMAN
FPPS_HUMAN,NUSAP_HUMAN
NU214_HUMAN,TANC2_HUMAN
NU214_HUMAN,FYV1_HUMAN
NU214_HUMAN,SCN9A_HUMAN
NU214_HUMAN,EXPH5_HUMAN
NU214_HUMAN,TRIPC_HUMAN
NU214_HUMAN,E9PN67_HUMAN
CFTR_HUMAN,RIMS2_HUMAN
CFTR_HUMAN,RRBP1_HUMAN
CFTR_HUMAN,TCPR2_HUMAN
CFTR_HUMAN,POGZ_HUMAN
CFTR_HUMAN,TENS2_HUMAN
CFTR_HUMAN,ZN609_HUMAN
MDR1_HUMAN,A0A8I5QKT2_HUMAN
MDR1_HUMAN,A0A6Q8PGW3_HUMAN
MDR1_HUMAN,SF3B3_HUMAN
MDR1_HUMAN,AT135_HUMAN
MDR1_HUMAN,SMC3_HUMAN
MDR1_HUMAN,Q05331_HUMAN
RL22_HUMAN,IL5_HUMAN
RL22_HUMAN,ZN593_HUMAN
RL22_HUMAN,SYUB_HUMAN
RL22_HUMAN,CCL21_HUMAN
RL22_HUMAN,D6RIS4_HUMAN
RL22_HUMAN,O15202_HUMAN
ZO2_HUMAN,M18BP_HUMAN
ZO2_HUMAN,TERT_HUMAN
ZO2_HUMAN,BAG6_HUMAN
ZO2_HUMAN,AT11C_HUMAN
ZO2_HUMAN,JAK2_HUMAN
ZO2_HUMAN,SAC2_HUMAN
TIMP1_HUMAN,RB39A_HUMAN
TIMP1_HUMAN,GRB2_HUMAN
TIMP1_HUMAN,HAND2_HUMAN
TIMP1_HUMAN,RL10A_HUMAN
TIMP1_HUMAN,COQ7_HUMAN
TIMP1_HUMAN,HOP2_HUMAN
TGM2_HUMAN,ECHP_HUMAN
TGM2_HUMAN,GGA3_HUMAN
TGM2_HUMAN,LRSM1_HUMAN
TGM2_HUMAN,BBS10_HUMAN
TGM2_HUMAN,ES8L1_HUMAN
TGM2_HUMAN,VPS52_HUMAN
HS71B_HUMAN,MEN1_HUMAN
HS71B_HUMAN,LYAM2_HUMAN
HS71B_HUMAN,PDE12_HUMAN
HS71B_HUMAN,PO6F1_HUMAN
HS71B_HUMAN,KAT7_HUMAN
HS71B_HUMAN,KLH20_HUMAN
TEP1_HUMAN,H0Y465_HUMAN
TEP1_HUMAN,FAS_HUMAN
TEP1_HUMAN,CAC1A_HUMAN
TEP1_HUMAN,ZN462_HUMAN
TEP1_HUMAN,C9J0Q5_HUMAN
TEP1_HUMAN,A0A0U1RQF0_HUMAN
LRRK2_HUMAN,H3BTW3_HUMAN
LRRK2_HUMAN,A0A1B0GTJ8_HUMAN
LRRK2_HUMAN,SON_HUMAN
LRRK2_HUMAN,SPTA1_HUMAN
LRRK2_HUMAN,ZEP3_HUMAN
LRRK2_HUMAN,EP300_HUMAN
DUOX1_HUMAN,NRX1A_HUMAN
DUOX1_HUMAN,AGRL1_HUMAN
DUOX1_HUMAN,A0A804HKJ9_HUMAN
DUOX1_HUMAN,E9PFH2_HUMAN
DUOX1_HUMAN,NU153_HUMAN
DUOX1_HUMAN,A2MG_HUMAN
NU153_HUMAN,A0A804HIN4_HUMAN
NU153_HUMAN,BIRC1_HUMAN
NU153_HUMAN,A0A7P0Z436_HUMAN
NU153_HUMAN,UBP6_HUMAN
NU153_HUMAN,CE162_HUMAN
NU153_HUMAN,A0A087WW76_HUMAN
PASK_HUMAN,IRS4_HUMAN
PASK_HUMAN,L1CAM_HUMAN
PASK_HUMAN,ARI4A_HUMAN
PASK_HUMAN,LIPA2_HUMAN
PASK_HUMAN,F5GYF8_HUMAN
PASK_HUMAN,STAG1_HUMAN
ZO3_HUMAN,UBE3A_HUMAN
ZO3_HUMAN,IMB1_HUMAN
ZO3_HUMAN,STPAP_HUMAN
ZO3_HUMAN,ENPP3_HUMAN
ZO3_HUMAN,S4A11_HUMAN
ZO3_HUMAN,PDE5A_HUMAN
MRP3_HUMAN,CCD18_HUMAN
MRP3_HUMAN,FACD2_HUMAN
MRP3_HUMAN,H7C1M2_HUMAN
MRP3_HUMAN,MED14_HUMAN
MRP3_HUMAN,LRRC9_HUMAN
MRP3_HUMAN,A2ML1_HUMAN
RAB6A_HUMAN,ZBED2_HUMAN
RAB6A_HUMAN,TAF10_HUMAN
RAB6A_HUMAN,RB27B_HUMAN
RAB6A_HUMAN,SCN1B_HUMAN
RAB6A_HUMAN,CLD5_HUMAN
RAB6A_HUMAN,RB11B_HUMAN
NSD1_HUMAN,MY18B_HUMAN
NSD1_HUMAN,E9PEM5_HUMAN
NSD1_HUMAN,STAB1_HUMAN
NSD1_HUMAN,A0A804HK76_HUMAN
NSD1_HUMAN,ZFHX2_HUMAN
NSD1_HUMAN,CHD8_HUMAN
DUS28_HUMAN,H0YBC7_HUMAN
DUS28_HUMAN,DUS3_HUMAN
DUS28_HUMAN,CCD32_HUMAN
DUS28_HUMAN,REL2_HUMAN
DUS28_HUMAN,IFT22_HUMAN
DUS28_HUMAN,ADML_HUMAN
PR40A_HUMAN,A0A140VK49_HUMAN
PR40A_HUMAN,PIDD1_HUMAN
PR40A_HUMAN,A0A3B3ITZ9_HUMAN
PR40A_HUMAN,A0A1B0GTU7_HUMAN
PR40A_HUMAN,AGRF1_HUMAN
PR40A_HUMAN,H0Y8X6_HUMAN
PRDX6_HUMAN,TMED9_HUMAN
PRDX6_HUMAN,TCAM2_HUMAN
PRDX6_HUMAN,MIC25_HUMAN
PRDX6_HUMAN,DERL3_HUMAN
PRDX6_HUMAN,SWI5_HUMAN
PRDX6_HUMAN,NAA10_HUMAN
TYB4_HUMAN,TB15B_HUMAN
TYB4_HUMAN,SEHBP_HUMAN
TYB4_HUMAN,F2Z2Z9_HUMAN
TYB4_HUMAN,E5RGR5_HUMAN
TYB4_HUMAN,X6RKQ2_HUMAN
TYB4_HUMAN,C9JM62_HUMAN
RN213_HUMAN,A0A075B730_HUMAN
RN213_HUMAN,MUC2_HUMAN
RN213_HUMAN,ABCAD_HUMAN
RN213_HUMAN,USH2A_HUMAN
RN213_HUMAN,MUC4_HUMAN
RN213_HUMAN,RYR2_HUMAN
HD_HUMAN,A0A088AWP5_HUMAN
HD_HUMAN,CELR1_HUMAN
HD_HUMAN,BPTF_HUMAN
HD_HUMAN,RBP2_HUMAN
HD_HUMAN,KALRN_HUMAN
HD_HUMAN,A0A6I8PRU0_HUMAN
MT3_HUMAN,SNURF_HUMAN
MT3_HUMAN,B1AKA9_HUMAN
MT3_HUMAN,A0A087WUW1_HUMAN
MT3_HUMAN,J3QRD7_HUMAN
MT3_HUMAN,Q13731_HUMAN
MT3_HUMAN,K7ESL1_HUMAN
SKI2_HUMAN,PCD12_HUMAN
SKI2_HUMAN,A0A804HJ75_HUMAN
SKI2_HUMAN,PLCB2_HUMAN
SKI2_HUMAN,LIPA4_HUMAN
SKI2_HUMAN,ERCC5_HUMAN
SKI2_HUMAN,PALB2_HUMAN
MT1E_HUMAN,KR213_HUMAN
MT1E_HUMAN,C9J0S9_HUMAN
MT1E_HUMAN,C9JDC5_HUMAN
MT1E_HUMAN,MT1G_HUMAN
MT1E_HUMAN,KR196_HUMAN
MT1E_HUMAN,SHMOS_HUMAN
NED4L_HUMAN,DEN2C_HUMAN
NED4L_HUMAN,RB_HUMAN
NED4L_HUMAN,GBA2_HUMAN
NED4L_HUMAN,BCAS3_HUMAN
NED4L_HUMAN,A0A5F9ZGX9_HUMAN
NED4L_HUMAN,NIBA1_HUMAN
DB114_HUMAN,SPR2F_HUMAN
DB114_HUMAN,GBG12_HUMAN
DB114_HUMAN,F5H1P9_HUMAN
DB114_HUMAN,SPR2A_HUMAN
DB114_HUMAN,E9PS26_HUMAN
DB114_HUMAN,M0R1W4_HUMAN
KAT6B_HUMAN,A0A6Q8PGB0_HUMAN
KAT6B_HUMAN,H0YJS3_HUMAN
KAT6B_HUMAN,E9PHB6_HUMAN
KAT6B_HUMAN,RPB1_HUMAN
KAT6B_HUMAN,C8AP2_HUMAN
KAT6B_HUMAN,CAC1F_HUMAN
RRP44_HUMAN,H0Y3R4_HUMAN
RRP44_HUMAN,A0A8I5KRB5_HUMAN
RRP44_HUMAN,KCNB2_HUMAN
RRP44_HUMAN,ACTN4_HUMAN
RRP44_HUMAN,MAN1_HUMAN
RRP44_HUMAN,E2F7_HUMAN
MARK2_HUMAN,APBA2_HUMAN
MARK2_HUMAN,SEM3B_HUMAN
MARK2_HUMAN,PHEX_HUMAN
MARK2_HUMAN,RFX3_HUMAN
MARK2_HUMAN,PA24A_HUMAN
MARK2_HUMAN,E9PLP8_HUMAN
NR4A1_HUMAN,MMP21_HUMAN
NR4A1_HUMAN,AAKG2_HUMAN
NR4A1_HUMAN,F5H5U2_HUMAN
NR4A1_HUMAN,SPT16_HUMAN
NR4A1_HUMAN,IL1R1_HUMAN
NR4A1_HUMAN,RABE2_HUMAN
CRYAB_HUMAN,GREM1_HUMAN
CRYAB_HUMAN,B8ZZ93_HUMAN
CRYAB_HUMAN,RAP1A_HUMAN
CRYAB_HUMAN,HDBP1_HUMAN
CRYAB_HUMAN,RHEB_HUMAN
CRYAB_HUMAN,ARL2_HUMAN
LKHA4_HUMAN,PYRD2_HUMAN
LKHA4_HUMAN,A0A6Q8PHL9_HUMAN
LKHA4_HUMAN,A0A494C0Q6_HUMAN
LKHA4_HUMAN,GLT12_HUMAN
LKHA4_HUMAN,SL9A8_HUMAN
LKHA4_HUMAN,FZD10_HUMAN
FLNA_HUMAN,USP9X_HUMAN
FLNA_HUMAN,Q17RV3_HUMAN
FLNA_HUMAN,ZFY26_HUMAN
FLNA_HUMAN,STAB2_HUMAN
FLNA_HUMAN,PIEZ1_HUMAN
FLNA_HUMAN,NOTC1_HUMAN
SETBP_HUMAN,DOT1L_HUMAN
SETBP_HUMAN,CLAP1_HUMAN
SETBP_HUMAN,NFAT5_HUMAN
SETBP_HUMAN,TOPB1_HUMAN
SETBP_HUMAN,A0A3B3IT25_HUMAN
SETBP_HUMAN,SLIT3_HUMAN
PPAC_HUMAN,UB2G2_HUMAN
PPAC_HUMAN,HES5_HUMAN
PPAC_HUMAN,PPIA_HUMAN
PPAC_HUMAN,PPIL1_HUMAN
PPAC_HUMAN,COF1_HUMAN
PPAC_HUMAN,THIOM_HUMAN
PUR2_HUMAN,H3BP71_HUMAN
PUR2_HUMAN,B7Z2R1_HUMAN
PUR2_HUMAN,A0A8I5KRN0_HUMAN
PUR2_HUMAN,A0A6Q8PF33_HUMAN
PUR2_HUMAN,B1AKL4_HUMAN
PUR2_HUMAN,RBM19_HUMAN
BRSK1_HUMAN,A4FUA6_HUMAN
BRSK1_HUMAN,NALD2_HUMAN
BRSK1_HUMAN,ABCD2_HUMAN
BRSK1_HUMAN,C9JMN1_HUMAN
BRSK1_HUMAN,DAXX_HUMAN
BRSK1_HUMAN,POLI_HUMAN
FGF2_HUMAN,ORAI1_HUMAN
FGF2_HUMAN,NKX26_HUMAN
FGF2_HUMAN,CHIP_HUMAN
FGF2_HUMAN,CDK4_HUMAN
FGF2_HUMAN,KLF7_HUMAN
FGF2_HUMAN,GIMA7_HUMAN
POTE1_HUMAN,MTM1_HUMAN
POTE1_HUMAN,GLT10_HUMAN
POTE1_HUMAN,HAUS3_HUMAN
POTE1_HUMAN,E9PIN3_HUMAN
POTE1_HUMAN,GALT9_HUMAN
POTE1_HUMAN,NR2C1_HUMAN
TRI15_HUMAN,ZDHC1_HUMAN
TRI15_HUMAN,NOE1_HUMAN
TRI15_HUMAN,KMO_HUMAN
TRI15_HUMAN,CELF1_HUMAN
TRI15_HUMAN,HCLS1_HUMAN
TRI15_HUMAN,SRMS_HUMAN
PI5PA_HUMAN,MDGA2_HUMAN
PI5PA_HUMAN,C9J7E5_HUMAN
PI5PA_HUMAN,DRP2_HUMAN
PI5PA_HUMAN,AMPE_HUMAN
PI5PA_HUMAN,ZHX3_HUMAN
PI5PA_HUMAN,A0A158RFW1_HUMAN
NF2L2_HUMAN,POC5_HUMAN
NF2L2_HUMAN,TFE3_HUMAN
NF2L2_HUMAN,P2R3B_HUMAN
NF2L2_HUMAN,A0A6Q8PFM9_HUMAN
NF2L2_HUMAN,APBA3_HUMAN
NF2L2_HUMAN,TRBM_HUMAN
ENOA_HUMAN,MYC_HUMAN
ENOA_HUMAN,GBRA1_HUMAN
ENOA_HUMAN,RUNX1_HUMAN
ENOA_HUMAN,BCL3_HUMAN
ENOA_HUMAN,GUAD_HUMAN
ENOA_HUMAN,PRUN1_HUMAN
DFB4A_HUMAN,A0A0A0MRK5_HUMAN
DFB4A_HUMAN,H0YNX7_HUMAN
DFB4A_HUMAN,H0YCZ6_HUMAN
DFB4A_HUMAN,GBG13_HUMAN
DFB4A_HUMAN,C9JAK9_HUMAN
DFB4A_HUMAN,D103A_HUMAN
PLCG2_HUMAN,XPO5_HUMAN
PLCG2_HUMAN,INT2_HUMAN
PLCG2_HUMAN,H7C2C6_HUMAN
PLCG2_HUMAN,A0A8I5KXH8_HUMAN
PLCG2_HUMAN,LIPA1_HUMAN
PLCG2_HUMAN,HCN4_HUMAN
SRC_HUMAN,FBX15_HUMAN
SRC_HUMAN,K4PZ75_HUMAN
SRC_HUMAN,A0A0S2Z592_HUMAN
SRC_HUMAN,A0A7P0T843_HUMAN
SRC_HUMAN,A0A0S2Z4C3_HUMAN
SRC_HUMAN,TOE1_HUMAN
TNKS1_HUMAN,Q5VZU9_HUMAN
TNKS1_HUMAN,A0A7I2V4R5_HUMAN
TNKS1_HUMAN,A0A804HL87_HUMAN
TNKS1_HUMAN,SYIC_HUMAN
TNKS1_HUMAN,SGO2_HUMAN
TNKS1_HUMAN,PLCG2_HUMAN
PTPR2_HUMAN,PTPRN_HUMAN
PTPR2_HUMAN,KIT_HUMAN
PTPR2_HUMAN,NAC1_HUMAN
PTPR2_HUMAN,SYAC_HUMAN
PTPR2_HUMAN,Z3H7B_HUMAN
PTPR2_HUMAN,PKD2_HUMAN
GRHL1_HUMAN,A0A5F9ZHZ5_HUMAN
GRHL1_HUMAN,B2RDF2_HUMAN
GRHL1_HUMAN,Q5H909_HUMAN
GRHL1_HUMAN,H0Y5R1_HUMAN
GRHL1_HUMAN,DYRK3_HUMAN
GRHL1_HUMAN,ASB15_HUMAN
PGM2_HUMAN,SYN2_HUMAN
PGM2_HUMAN,LYRIC_HUMAN
PGM2_HUMAN,SHC2_HUMAN
PGM2_HUMAN,A0A8I5KTR5_HUMAN
PGM2_HUMAN,DCP1A_HUMAN
PGM2_HUMAN,FKB10_HUMAN
DESP_HUMAN,E7ETD6_HUMAN
DESP_HUMAN,A0A140VK53_HUMAN
DESP_HUMAN,ITPR1_HUMAN
DESP_HUMAN,E7EPN9_HUMAN
DESP_HUMAN,E9PDC2_HUMAN
DESP_HUMAN,UBR5_HUMAN
XDH_HUMAN,F8VXG7_HUMAN
XDH_HUMAN,E9PKC0_HUMAN
XDH_HUMAN,BCR_HUMAN
XDH_HUMAN,A0A1B0GV09_HUMAN
XDH_HUMAN,VIGLN_HUMAN
XDH_HUMAN,A0A087X2C4_HUMAN
MTMR3_HUMAN,F184A_HUMAN
MTMR3_HUMAN,MYPC2_HUMAN
MTMR3_HUMAN,COJA1_HUMAN
MTMR3_HUMAN,NGAP_HUMAN
MTMR3_HUMAN,MYPC1_HUMAN
MTMR3_HUMAN,MAGC1_HUMAN
KSYK_HUMAN,NET1_HUMAN
KSYK_HUMAN,A0A140VKE5_HUMAN
KSYK_HUMAN,B4DN07_HUMAN
KSYK_HUMAN,A0A7P0T961_HUMAN
KSYK_HUMAN,MAON_HUMAN
KSYK_HUMAN,A0A2U3TZN9_HUMAN
RS12_HUMAN,GOGA7_HUMAN
RS12_HUMAN,FABP5_HUMAN
RS12_HUMAN,CST11_HUMAN
RS12_HUMAN,RNK_HUMAN
RS12_HUMAN,RS17_HUMAN
RS12_HUMAN,RL28_HUMAN
TNAP3_HUMAN,A0A1W2PR74_HUMAN
TNAP3_HUMAN,A0A090N8E9_HUMAN
TNAP3_HUMAN,A0A087WT78_HUMAN
TNAP3_HUMAN,B4E1C1_HUMAN
TNAP3_HUMAN,A0A0F7NGI8_HUMAN
TNAP3_HUMAN,A0A090N7U3_HUMAN
RS21_HUMAN,CX7A1_HUMAN
RS21_HUMAN,SMR3B_HUMAN
RS21_HUMAN,A0A286YF53_HUMAN
RS21_HUMAN,ISK1_HUMAN
RS21_HUMAN,CKS1_HUMAN
RS21_HUMAN,Q709A9_HUMAN
GANP_HUMAN,A0A2R8YFK9_HUMAN
GANP_HUMAN,A0A669KBG8_HUMAN
GANP_HUMAN,A0A669KB10_HUMAN
GANP_HUMAN,A0A8I5KVF2_HUMAN
GANP_HUMAN,A0A8I5KTI7_HUMAN
GANP_HUMAN,A0A2R8Y5J0_HUMAN
FIG4_HUMAN,PROM1_HUMAN
FIG4_HUMAN,SEM4D_HUMAN
FIG4_HUMAN,MILK1_HUMAN
FIG4_HUMAN,TAF4B_HUMAN
FIG4_HUMAN,ENPP2_HUMAN
FIG4_HUMAN,CEP97_HUMAN
BIP_HUMAN,THRB_HUMAN
BIP_HUMAN,ZDH13_HUMAN
BIP_HUMAN,MATN4_HUMAN
BIP_HUMAN,DTX2_HUMAN
BIP_HUMAN,FANCG_HUMAN
BIP_HUMAN,A0A2R8Y5G6_HUMAN
S27A6_HUMAN,A0A2R8Y7L2_HUMAN
S27A6_HUMAN,A0A6Q8PFS4_HUMAN
S27A6_HUMAN,A0A1B0GTP9_HUMAN
S27A6_HUMAN,ARSL_HUMAN
S27A6_HUMAN,ZBT46_HUMAN
S27A6_HUMAN,POF1B_HUMAN
DPOE1_HUMAN,FREM1_HUMAN
DPOE1_HUMAN,E9PDI6_HUMAN
DPOE1_HUMAN,KNTC1_HUMAN
DPOE1_HUMAN,INT1_HUMAN
DPOE1_HUMAN,UN13C_HUMAN
DPOE1_HUMAN,A0A3B3ITG1_HUMAN
PLB1_HUMAN,A0A804HK30_HUMAN
PLB1_HUMAN,A0A804HKJ0_HUMAN
PLB1_HUMAN,NU155_HUMAN
PLB1_HUMAN,RBGPR_HUMAN
PLB1_HUMAN,GASP1_HUMAN
PLB1_HUMAN,ATAD2_HUMAN
PK3CG_HUMAN,ITAV_HUMAN
PK3CG_HUMAN,ST18_HUMAN
PK3CG_HUMAN,H0Y3N9_HUMAN
PK3CG_HUMAN,I3L2J8_HUMAN
PK3CG_HUMAN,A0A2R8YEE0_HUMAN
PK3CG_HUMAN,ZN217_HUMAN
AMD_HUMAN,A0A590UJ75_HUMAN
AMD_HUMAN,STOX2_HUMAN
AMD_HUMAN,RIGI_HUMAN
AMD_HUMAN,A0A2R8YEC9_HUMAN
AMD_HUMAN,A4D0W4_HUMAN
AMD_HUMAN,OTU7A_HUMAN
NEDD8_HUMAN,LEAP2_HUMAN
NEDD8_HUMAN,H3BMM2_HUMAN
NEDD8_HUMAN,SVIP_HUMAN
NEDD8_HUMAN,P78328_HUMAN
NEDD8_HUMAN,B9A032_HUMAN
NEDD8_HUMAN,M0QXM8_HUMAN
MSRB1_HUMAN,H7C173_HUMAN
MSRB1_HUMAN,E9PNB9_HUMAN
MSRB1_HUMAN,F8VYH5_HUMAN
MSRB1_HUMAN,F5H285_HUMAN
MSRB1_HUMAN,A0A0C4DG57_HUMAN
MSRB1_HUMAN,A0A087WW33_HUMAN
OFD1_HUMAN,A0A0D9SGC1_HUMAN
OFD1_HUMAN,LRP8_HUMAN
OFD1_HUMAN,SART3_HUMAN
OFD1_HUMAN,IREB2_HUMAN
OFD1_HUMAN,AGRD2_HUMAN
OFD1_HUMAN,IPO13_HUMAN
EXOS7_HUMAN,A0A087X2D5_HUMAN
EXOS7_HUMAN,AIDA_HUMAN
EXOS7_HUMAN,PRRT1_HUMAN
EXOS7_HUMAN,A0A5F9ZHD4_HUMAN
EXOS7_HUMAN,DOK5_HUMAN
EXOS7_HUMAN,PABP2_HUMAN
PAK1_HUMAN,ASB3_HUMAN
PAK1_HUMAN,M0R0L2_HUMAN
PAK1_HUMAN,MSPD2_HUMAN
PAK1_HUMAN,M0R2A8_HUMAN
PAK1_HUMAN,SYSM_HUMAN
PAK1_HUMAN,UTP15_HUMAN
AL7A1_HUMAN,G3V5S2_HUMAN
AL7A1_HUMAN,MMP27_HUMAN
AL7A1_HUMAN,A0A1U9X8R9_HUMAN
AL7A1_HUMAN,Q5W015_HUMAN
AL7A1_HUMAN,A0A7P0T9A7_HUMAN
AL7A1_HUMAN,KAT5_HUMAN
SYYC_HUMAN,SPHM_HUMAN
SYYC_HUMAN,CP2J2_HUMAN
SYYC_HUMAN,A0A7P0Z4G8_HUMAN
SYYC_HUMAN,CP3A5_HUMAN
SYYC_HUMAN,P4HTM_HUMAN
SYYC_HUMAN,ACHA7_HUMAN
RBX1_HUMAN,FMC1_HUMAN
RBX1_HUMAN,A0A0A0MTT8_HUMAN
RBX1_HUMAN,PATE2_HUMAN
RBX1_HUMAN,K7EP01_HUMAN
RBX1_HUMAN,F5H785_HUMAN
RBX1_HUMAN,CD046_HUMAN
KAD4_HUMAN,NKX31_HUMAN
KAD4_HUMAN,MASU1_HUMAN
KAD4_HUMAN,CHM4C_HUMAN
KAD4_HUMAN,KITH_HUMAN
KAD4_HUMAN,TNFA_HUMAN
KAD4_HUMAN,B2CL1_HUMAN
GRHL2_HUMAN,CHDH_HUMAN
GRHL2_HUMAN,D6RC99_HUMAN
GRHL2_HUMAN,F200C_HUMAN
GRHL2_HUMAN,E9PFR3_HUMAN
GRHL2_HUMAN,GAR4_HUMAN
GRHL2_HUMAN,X5D907_HUMAN
DPOD1_HUMAN,NAL12_HUMAN
DPOD1_HUMAN,A0A3B3IT55_HUMAN
DPOD1_HUMAN,FAK1_HUMAN
DPOD1_HUMAN,PK3CB_HUMAN
DPOD1_HUMAN,ANPRA_HUMAN
DPOD1_HUMAN,SMCA5_HUMAN
HDA10_HUMAN,CASC3_HUMAN
HDA10_HUMAN,ATF6B_HUMAN
HDA10_HUMAN,FXL17_HUMAN
HDA10_HUMAN,NOLC1_HUMAN
HDA10_HUMAN,TRAP1_HUMAN
HDA10_HUMAN,LSHR_HUMAN
SRC8_HUMAN,A0A5F9ZHY9_HUMAN
SRC8_HUMAN,KDM4D_HUMAN
SRC8_HUMAN,A0A8I5KRC0_HUMAN
SRC8_HUMAN,BT2A2_HUMAN
SRC8_HUMAN,E5RFU2_HUMAN
SRC8_HUMAN,MOT7_HUMAN
RS27L_HUMAN,CNBP1_HUMAN
RS27L_HUMAN,NDUA4_HUMAN
RS27L_HUMAN,APC11_HUMAN
RS27L_HUMAN,FCERG_HUMAN
RS27L_HUMAN,LSM6_HUMAN
RS27L_HUMAN,APOC1_HUMAN
CD2B2_HUMAN,A0A8I5KYH4_HUMAN
CD2B2_HUMAN,CEBPA_HUMAN
CD2B2_HUMAN,GDAP1_HUMAN
CD2B2_HUMAN,GPR87_HUMAN
CD2B2_HUMAN,Q5STV6_HUMAN
CD2B2_HUMAN,A0A7I2V5U7_HUMAN
HSF1_HUMAN,A0A2R8YFQ8_HUMAN
HSF1_HUMAN,A0A515VFR0_HUMAN
HSF1_HUMAN,ZBT37_HUMAN
HSF1_HUMAN,Q59EF0_HUMAN
HSF1_HUMAN,CP343_HUMAN
HSF1_HUMAN,A0A096LP39_HUMAN
PPBT_HUMAN,A0A0A6YY92_HUMAN
PPBT_HUMAN,A0A096LNY6_HUMAN
PPBT_HUMAN,Q9H9W4_HUMAN
PPBT_HUMAN,B4DP46_HUMAN
PPBT_HUMAN,NMT2_HUMAN
PPBT_HUMAN,X6R8A1_HUMAN
ASH1L_HUMAN,APC_HUMAN
ASH1L_HUMAN,HORN_HUMAN
ASH1L_HUMAN,MXRA5_HUMAN
ASH1L_HUMAN,A0A7P0TA60_HUMAN
ASH1L_HUMAN,ZZEF1_HUMAN
ASH1L_HUMAN,DESP_HUMAN
SETD2_HUMAN,CBP_HUMAN
SETD2_HUMAN,E9PEZ1_HUMAN
SETD2_HUMAN,A0A087WXK5_HUMAN
SETD2_HUMAN,F5GXF5_HUMAN
SETD2_HUMAN,NAV2_HUMAN
SETD2_HUMAN,NCOR1_HUMAN
CHD3_HUMAN,A0A1B0GTU5_HUMAN
CHD3_HUMAN,A0A2R8Y212_HUMAN
CHD3_HUMAN,BAZ2A_HUMAN
CHD3_HUMAN,H0Y488_HUMAN
CHD3_HUMAN,A0A804HIC2_HUMAN
CHD3_HUMAN,F5GWX5_HUMAN
ITA4_HUMAN,ANO3_HUMAN
ITA4_HUMAN,A0A2R8Y7M0_HUMAN
ITA4_HUMAN,A0A499FI31_HUMAN
ITA4_HUMAN,A0A6Q8PGN5_HUMAN
ITA4_HUMAN,F5H2T0_HUMAN
ITA4_HUMAN,B0ZBF6_HUMAN
PAPS1_HUMAN,MIGA2_HUMAN
PAPS1_HUMAN,A0A1B0GV70_HUMAN
PAPS1_HUMAN,CPNE5_HUMAN
PAPS1_HUMAN,ES8L3_HUMAN
PAPS1_HUMAN,A0A7P0TB21_HUMAN
PAPS1_HUMAN,A0A6Q8PGR8_HUMAN
LDHA_HUMAN,APOH_HUMAN
LDHA_HUMAN,NU2M_HUMAN
LDHA_HUMAN,EFNB3_HUMAN
LDHA_HUMAN,R113A_HUMAN
LDHA_HUMAN,WNT7A_HUMAN
LDHA_HUMAN,OGG1_HUMAN
CDT1_HUMAN,MBTP2_HUMAN
CDT1_HUMAN,E9PDY7_HUMAN
CDT1_HUMAN,CP4AB_HUMAN
CDT1_HUMAN,BBS4_HUMAN
CDT1_HUMAN,CD20B_HUMAN
CDT1_HUMAN,RIOK3_HUMAN
RUVB1_HUMAN,A0A2R8Y4U4_HUMAN
RUVB1_HUMAN,BCL6B_HUMAN
RUVB1_HUMAN,PAIP1_HUMAN
RUVB1_HUMAN,PPM1B_HUMAN
RUVB1_HUMAN,FXL16_HUMAN
RUVB1_HUMAN,A0A7P0T8X1_HUMAN
ZEP1_HUMAN,IGS10_HUMAN
ZEP1_HUMAN,HECD1_HUMAN
ZEP1_HUMAN,DPOLQ_HUMAN
ZEP1_HUMAN,BDP1_HUMAN
ZEP1_HUMAN,GCN1_HUMAN
ZEP1_HUMAN,ATR_HUMAN
SDF1_HUMAN,H7C0G6_HUMAN
SDF1_HUMAN,A7L3B_HUMAN
SDF1_HUMAN,A4D158_HUMAN
SDF1_HUMAN,CX6A2_HUMAN
SDF1_HUMAN,TIM8A_HUMAN
SDF1_HUMAN,F5GXW5_HUMAN
GBRAP_HUMAN,PSMG4_HUMAN
GBRAP_HUMAN,C9K074_HUMAN
GBRAP_HUMAN,H0YJW1_HUMAN
GBRAP_HUMAN,KRA22_HUMAN
GBRAP_HUMAN,MSS4_HUMAN
GBRAP_HUMAN,F5H1N0_HUMAN
B3AT_HUMAN,WWP2_HUMAN
B3AT_HUMAN,DYN2_HUMAN
B3AT_HUMAN,PA24E_HUMAN
B3AT_HUMAN,SULF2_HUMAN
B3AT_HUMAN,ZN473_HUMAN
B3AT_HUMAN,BCAR1_HUMAN
FASTK_HUMAN,SNX1_HUMAN
FASTK_HUMAN,TPTE2_HUMAN
FASTK_HUMAN,A0A0A0MSZ4_HUMAN
FASTK_HUMAN,B0QZE2_HUMAN
FASTK_HUMAN,SOAT2_HUMAN
FASTK_HUMAN,V9HW90_HUMAN
EIF3D_HUMAN,D2HDH_HUMAN
EIF3D_HUMAN,A0A7P0T9D6_HUMAN
EIF3D_HUMAN,MS3L1_HUMAN
EIF3D_HUMAN,GADL1_HUMAN
EIF3D_HUMAN,Q5T1M7_HUMAN
EIF3D_HUMAN,A0A804HHW6_HUMAN
AATM_HUMAN,GLRA2_HUMAN
AATM_HUMAN,ZN672_HUMAN
AATM_HUMAN,A0A7I2V2H9_HUMAN
AATM_HUMAN,TAM41_HUMAN
AATM_HUMAN,E9PC49_HUMAN
AATM_HUMAN,TRI49_HUMAN
KMT2A_HUMAN,ANK2_HUMAN
KMT2A_HUMAN,PRKDC_HUMAN
KMT2A_HUMAN,A0A804HKS3_HUMAN
KMT2A_HUMAN,A0A7P0T8N5_HUMAN
KMT2A_HUMAN,A0A7P0TBH8_HUMAN
KMT2A_HUMAN,AKAP9_HUMAN
CDK13_HUMAN,RHG31_HUMAN
CDK13_HUMAN,SETD5_HUMAN
CDK13_HUMAN,A0A8I5KXH7_HUMAN
CDK13_HUMAN,PTPRT_HUMAN
CDK13_HUMAN,ARAP1_HUMAN
CDK13_HUMAN,A0A8I5KYW1_HUMAN
PLCG1_HUMAN,B3A3_HUMAN
PLCG1_HUMAN,A0A0C4DG33_HUMAN
PLCG1_HUMAN,NMDE3_HUMAN
PLCG1_HUMAN,MMRN1_HUMAN
PLCG1_HUMAN,DSRAD_HUMAN
PLCG1_HUMAN,A0A6Q8PF66_HUMAN
ERBB2_HUMAN,MTMR3_HUMAN
ERBB2_HUMAN,TREF1_HUMAN
ERBB2_HUMAN,TTLL4_HUMAN
ERBB2_HUMAN,E7EU13_HUMAN
ERBB2_HUMAN,SMC2_HUMAN
ERBB2_HUMAN,AT134_HUMAN
ACSS3_HUMAN,ACSL3_HUMAN
ACSS3_HUMAN,LARG2_HUMAN
ACSS3_HUMAN,MD1L1_HUMAN
ACSS3_HUMAN,DVL3_HUMAN
ACSS3_HUMAN,EXT2_HUMAN
ACSS3_HUMAN,IKKE_HUMAN
PLPP1_HUMAN,KHK_HUMAN
PLPP1_HUMAN,A0A8I5KR71_HUMAN
PLPP1_HUMAN,ADT2_HUMAN
PLPP1_HUMAN,A0A5K1VW56_HUMAN
PLPP1_HUMAN,BIRC7_HUMAN
PLPP1_HUMAN,C9IZQ1_HUMAN
P3C2B_HUMAN,B4DGF1_HUMAN
P3C2B_HUMAN,ARHG5_HUMAN
P3C2B_HUMAN,A0A7I2Y1C3_HUMAN
P3C2B_HUMAN,B2RU06_HUMAN
P3C2B_HUMAN,IF4G1_HUMAN
P3C2B_HUMAN,TIAM1_HUMAN
DEF1_HUMAN,H3BT34_HUMAN
DEF1_HUMAN,KRA33_HUMAN
DEF1_HUMAN,Q6FGG5_HUMAN
DEF1_HUMAN,F8W8Z9_HUMAN
DEF1_HUMAN,E9PIJ6_HUMAN
DEF1_HUMAN,H0YLX0_HUMAN
ODFP2_HUMAN,NASP_HUMAN
ODFP2_HUMAN,CAD10_HUMAN
ODFP2_HUMAN,A0A804CCZ3_HUMAN
ODFP2_HUMAN,CAD18_HUMAN
ODFP2_HUMAN,A0A3B3ISQ4_HUMAN
ODFP2_HUMAN,A0A7P0TAE1_HUMAN
MARK1_HUMAN,G3V180_HUMAN
MARK1_HUMAN,CD248_HUMAN
MARK1_HUMAN,RXFP1_HUMAN
MARK1_HUMAN,G3V1D3_HUMAN
MARK1_HUMAN,PLCD1_HUMAN
MARK1_HUMAN,MFN2_HUMAN
AOFA_HUMAN,SPCS_HUMAN
AOFA_HUMAN,FOXC2_HUMAN
AOFA_HUMAN,CP2R1_HUMAN
AOFA_HUMAN,BACE1_HUMAN
AOFA_HUMAN,A0A140VJW5_HUMAN
AOFA_HUMAN,ARMC6_HUMAN
CP4AB_HUMAN,KCNF1_HUMAN
CP4AB_HUMAN,ONEC3_HUMAN
CP4AB_HUMAN,AL9A1_HUMAN
CP4AB_HUMAN,SPX3_HUMAN
CP4AB_HUMAN,RHG19_HUMAN
CP4AB_HUMAN,A0A499FIY5_HUMAN
GDE_HUMAN,A2A3C1_HUMAN
GDE_HUMAN,MYOM2_HUMAN
GDE_HUMAN,A0A087WZX0_HUMAN
GDE_HUMAN,A0A2X0SFF2_HUMAN
GDE_HUMAN,PLA2R_HUMAN
GDE_HUMAN,AT10B_HUMAN
P121A_HUMAN,PKHG4_HUMAN
P121A_HUMAN,ARI5B_HUMAN
P121A_HUMAN,A0A8I5KYV3_HUMAN
P121A_HUMAN,ZNF91_HUMAN
P121A_HUMAN,HAIR_HUMAN
P121A_HUMAN,AT8B4_HUMAN
GP1BA_HUMAN,LMNB2_HUMAN
GP1BA_HUMAN,ZNF93_HUMAN
GP1BA_HUMAN,GLIS1_HUMAN
GP1BA_HUMAN,FXR1_HUMAN
GP1BA_HUMAN,C9JRJ5_HUMAN
GP1BA_HUMAN,ASML_HUMAN
DUS3L_HUMAN,ZN668_HUMAN
DUS3L_HUMAN,GRHL1_HUMAN
DUS3L_HUMAN,Q6IAR4_HUMAN
DUS3L_HUMAN,A0A8I5KRK9_HUMAN
DUS3L_HUMAN,ZNF48_HUMAN
DUS3L_HUMAN,DLL3_HUMAN
PLPP6_HUMAN,H3BST3_HUMAN
PLPP6_HUMAN,D6RJ07_HUMAN
PLPP6_HUMAN,H0Y3U6_HUMAN
PLPP6_HUMAN,A0A0A0MS38_HUMAN
PLPP6_HUMAN,A0A0S2Z3M4_HUMAN
PLPP6_HUMAN,NTAN1_HUMAN
MRP7_HUMAN,E7EWD6_HUMAN
MRP7_HUMAN,A0A087WTD7_HUMAN
MRP7_HUMAN,VPS8_HUMAN
MRP7_HUMAN,CSKI1_HUMAN
MRP7_HUMAN,BCL9_HUMAN
MRP7_HUMAN,A0A804HKI2_HUMAN
MGT5B_HUMAN,VWA2_HUMAN
MGT5B_HUMAN,A0A8I5KYP8_HUMAN
MGT5B_HUMAN,ELOA2_HUMAN
MGT5B_HUMAN,MARK3_HUMAN
MGT5B_HUMAN,TRI56_HUMAN
MGT5B_HUMAN,PCSK4_HUMAN
GSTT2_HUMAN,PRDX3_HUMAN
GSTT2_HUMAN,D6RCD0_HUMAN
GSTT2_HUMAN,SURF2_HUMAN
GSTT2_HUMAN,Q08ET0_HUMAN
GSTT2_HUMAN,A0A087WTB0_HUMAN
GSTT2_HUMAN,A0A8I5KTT0_HUMAN
ENTP4_HUMAN,A0A8I5KWH1_HUMAN
ENTP4_HUMAN,PYRG2_HUMAN
ENTP4_HUMAN,A0A8I5KPV0_HUMAN
ENTP4_HUMAN,SAC1_HUMAN
ENTP4_HUMAN,ACSM3_HUMAN
ENTP4_HUMAN,S6OS1_HUMAN
EST1_HUMAN,FBW1B_HUMAN
EST1_HUMAN,TF65_HUMAN
EST1_HUMAN,5NTC_HUMAN
EST1_HUMAN,PAK1_HUMAN
EST1_HUMAN,TERF2_HUMAN
EST1_HUMAN,TF2H1_HUMAN
ESR2_HUMAN,V9HW06_HUMAN
ESR2_HUMAN,A0A8I5KUM4_HUMAN
ESR2_HUMAN,H0Y8C4_HUMAN
ESR2_HUMAN,PLPL2_HUMAN
ESR2_HUMAN,HHATL_HUMAN
ESR2_HUMAN,A0A024QZ33_HUMAN
PEX1_HUMAN,NOMO1_HUMAN
PEX1_HUMAN,AGRG6_HUMAN
PEX1_HUMAN,WDR11_HUMAN
PEX1_HUMAN,Q17R88_HUMAN
PEX1_HUMAN,NOMO3_HUMAN
PEX1_HUMAN,ATS14_HUMAN
RL12_HUMAN,C9J8V5_HUMAN
RL12_HUMAN,CABP5_HUMAN
RL12_HUMAN,A0A0U1RQM8_HUMAN
RL12_HUMAN,TRGC1_HUMAN
RL12_HUMAN,HES2_HUMAN
RL12_HUMAN,CKLF8_HUMAN
DAZP2_HUMAN,NC2B_HUMAN
DAZP2_HUMAN,RL18A_HUMAN
DAZP2_HUMAN,GET1_HUMAN
DAZP2_HUMAN,DNPH1_HUMAN
DAZP2_HUMAN,C9JUD5_HUMAN
DAZP2_HUMAN,REG3A_HUMAN
NR1H2_HUMAN,HDAC1_HUMAN
NR1H2_HUMAN,AKT2_HUMAN
NR1H2_HUMAN,SESN2_HUMAN
NR1H2_HUMAN,KS6B2_HUMAN
NR1H2_HUMAN,ERLEC_HUMAN
NR1H2_HUMAN,AKT1_HUMAN
PYR1_HUMAN,A0A804HJT1_HUMAN
PYR1_HUMAN,B0I1T6_HUMAN
PYR1_HUMAN,A0A2R8Y590_HUMAN
PYR1_HUMAN,BAZ2B_HUMAN
PYR1_HUMAN,MYO9B_HUMAN
PYR1_HUMAN,MALR1_HUMAN
PKP4_HUMAN,RPA2_HUMAN
PKP4_HUMAN,MCF2L_HUMAN
PKP4_HUMAN,DEN2B_HUMAN
PKP4_HUMAN,B0I1S9_HUMAN
PKP4_HUMAN,S4A5_HUMAN
PKP4_HUMAN,HMHA1_HUMAN
PK3CB_HUMAN,FAN1_HUMAN
PK3CB_HUMAN,IDE_HUMAN
PK3CB_HUMAN,DPYD_HUMAN
PK3CB_HUMAN,AT1A2_HUMAN
PK3CB_HUMAN,AGRG2_HUMAN
PK3CB_HUMAN,NAT10_HUMAN
KAT2A_HUMAN,A0A1W2PPR7_HUMAN
KAT2A_HUMAN,TP4AP_HUMAN
KAT2A_HUMAN,AGRG7_HUMAN
KAT2A_HUMAN,E7EWK3_HUMAN
KAT2A_HUMAN,CASD1_HUMAN
KAT2A_HUMAN,S4R3N7_HUMAN
VDAC2_HUMAN,TA2R8_HUMAN
VDAC2_HUMAN,DNJB7_HUMAN
VDAC2_HUMAN,A0A024R688_HUMAN
VDAC2_HUMAN,KT3K_HUMAN
VDAC2_HUMAN,RSPH1_HUMAN
VDAC2_HUMAN,PP2AA_HUMAN
SCP2_HUMAN,UBX11_HUMAN
SCP2_HUMAN,A0A7P0Z484_HUMAN
SCP2_HUMAN,CR3L2_HUMAN
SCP2_HUMAN,SMG9_HUMAN
SCP2_HUMAN,TULP2_HUMAN
SCP2_HUMAN,A0A024R040_HUMAN
KPYM_HUMAN,ASIC5_HUMAN
KPYM_HUMAN,A0A0S2Z586_HUMAN
KPYM_HUMAN,A0A1W2PQQ0_HUMAN
KPYM_HUMAN,TB22B_HUMAN
KPYM_HUMAN,ATF2_HUMAN
KPYM_HUMAN,ZN649_HUMAN
G3BP1_HUMAN,H0Y322_HUMAN
G3BP1_HUMAN,MDM4_HUMAN
G3BP1_HUMAN,RL1D1_HUMAN
G3BP1_HUMAN,B0QYD3_HUMAN
G3BP1_HUMAN,B0QYS6_HUMAN
G3BP1_HUMAN,G3V0E4_HUMAN
CXB1_HUMAN,CD20_HUMAN
CXB1_HUMAN,THTR_HUMAN
CXB1_HUMAN,E9PCF2_HUMAN
CXB1_HUMAN,MEMO1_HUMAN
CXB1_HUMAN,TATD1_HUMAN
CXB1_HUMAN,A0A7I2V3H5_HUMAN
RAF1_HUMAN,E5KRP5_HUMAN
RAF1_HUMAN,E7EX17_HUMAN
RAF1_HUMAN,F5H7P7_HUMAN
RAF1_HUMAN,GTR12_HUMAN
RAF1_HUMAN,A0A6Q8PGW4_HUMAN
RAF1_HUMAN,E7EV75_HUMAN
H17B6_HUMAN,COX18_HUMAN
H17B6_HUMAN,A0A0A0MRN9_HUMAN
H17B6_HUMAN,XCR1_HUMAN
H17B6_HUMAN,A0A0S2Z3L0_HUMAN
H17B6_HUMAN,CK042_HUMAN
H17B6_HUMAN,C1T9A_HUMAN
AK1C2_HUMAN,A0A140VK59_HUMAN
AK1C2_HUMAN,CATB_HUMAN
AK1C2_HUMAN,H0YLF5_HUMAN
AK1C2_HUMAN,TM10A_HUMAN
AK1C2_HUMAN,G3V0E7_HUMAN
AK1C2_HUMAN,GPVI_HUMAN
DHX9_HUMAN,FLIP1_HUMAN
DHX9_HUMAN,GRM5_HUMAN
DHX9_HUMAN,A0A0A0MS99_HUMAN
DHX9_HUMAN,A0A8I5KSL3_HUMAN
DHX9_HUMAN,AFF1_HUMAN
DHX9_HUMAN,HIPK3_HUMAN
SKP1_HUMAN,DDIT3_HUMAN
SKP1_HUMAN,TSPO_HUMAN
SKP1_HUMAN,EREG_HUMAN
SKP1_HUMAN,SAT1_HUMAN
SKP1_HUMAN,CDN2C_HUMAN
SKP1_HUMAN,LEP_HUMAN
LPH_HUMAN,A0A2R8Y4T1_HUMAN
LPH_HUMAN,GRDN_HUMAN
LPH_HUMAN,A0A8I5KXX8_HUMAN
LPH_HUMAN,PCSK5_HUMAN
LPH_HUMAN,A0A8I5KU87_HUMAN
LPH_HUMAN,ZN236_HUMAN
CE128_HUMAN,TLR8_HUMAN
CE128_HUMAN,NOD2_HUMAN
CE128_HUMAN,AT2A2_HUMAN
CE128_HUMAN,CNTN2_HUMAN
CE128_HUMAN,A0A1W2PRB5_HUMAN
CE128_HUMAN,Q5SQH4_HUMAN
RBP2_HUMAN,A0A0A0MSA0_HUMAN
RBP2_HUMAN,LAMA3_HUMAN
RBP2_HUMAN,A0A7P0T8F0_HUMAN
RBP2_HUMAN,MUC3A_HUMAN
RBP2_HUMAN,A0A8J9C4H3_HUMAN
RBP2_HUMAN,A0A7P0T9K8_HUMAN
S10A9_HUMAN,SPT4H_HUMAN
S10A9_HUMAN,KV133_HUMAN
S10A9_HUMAN,BET1_HUMAN
S10A9_HUMAN,RL34_HUMAN
S10A9_HUMAN,GBRAP_HUMAN
S10A9_HUMAN,SMS_HUMAN
GAK_HUMAN,G3V3F7_HUMAN
GAK_HUMAN,A1L461_HUMAN
GAK_HUMAN,CAMP3_HUMAN
GAK_HUMAN,A0A0A0MRM8_HUMAN
GAK_HUMAN,MAGL2_HUMAN
GAK_HUMAN,RAPH1_HUMAN
ACSL6_HUMAN,TBK1_HUMAN
ACSL6_HUMAN,SL9A7_HUMAN
ACSL6_HUMAN,PCCA_HUMAN
ACSL6_HUMAN,DAAF1_HUMAN
ACSL6_HUMAN,CCNT2_HUMAN
ACSL6_HUMAN,FYB2_HUMAN
LCAT_HUMAN,IRAK4_HUMAN
LCAT_HUMAN,ADA2C_HUMAN
LCAT_HUMAN,RNF25_HUMAN
LCAT_HUMAN,TF2H4_HUMAN
LCAT_HUMAN,TRM11_HUMAN
LCAT_HUMAN,TGFI1_HUMAN
RUNX1_HUMAN,A0A1W2PQ47_HUMAN
RUNX1_HUMAN,F1DAL1_HUMAN
RUNX1_HUMAN,TM1L1_HUMAN
RUNX1_HUMAN,E9PRZ1_HUMAN
RUNX1_HUMAN,ZN141_HUMAN
RUNX1_HUMAN,A0A7I2V5M7_HUMAN
5NT3A_HUMAN,K7EKQ2_HUMAN
5NT3A_HUMAN,GP139_HUMAN
5NT3A_HUMAN,A0A0A0MRX3_HUMAN
5NT3A_HUMAN,H0YMB0_HUMAN
5NT3A_HUMAN,RN167_HUMAN
5NT3A_HUMAN,THUM1_HUMAN
EHMT1_HUMAN,TAOK2_HUMAN
EHMT1_HUMAN,CAND2_HUMAN
EHMT1_HUMAN,A0A2X0SFL3_HUMAN
EHMT1_HUMAN,AT2B4_HUMAN
EHMT1_HUMAN,BRD8_HUMAN
EHMT1_HUMAN,EDRF1_HUMAN
GRHL3_HUMAN,CKAP4_HUMAN
GRHL3_HUMAN,CK5P1_HUMAN
GRHL3_HUMAN,PROD_HUMAN
GRHL3_HUMAN,LIRB2_HUMAN
GRHL3_HUMAN,PTN6_HUMAN
GRHL3_HUMAN,ZMY11_HUMAN
CHSS2_HUMAN,A0A024R1Z9_HUMAN
CHSS2_HUMAN,PLOD2_HUMAN
CHSS2_HUMAN,A5D8Y1_HUMAN
CHSS2_HUMAN,I17RD_HUMAN
CHSS2_HUMAN,PLOD3_HUMAN
CHSS2_HUMAN,DPP3_HUMAN
D103A_HUMAN,D6RD56_HUMAN
D103A_HUMAN,UQCC5_HUMAN
D103A_HUMAN,E9PS22_HUMAN
D103A_HUMAN,A0A1W2PPA3_HUMAN
D103A_HUMAN,E5RJE7_HUMAN
D103A_HUMAN,MT3_HUMAN
STAT3_HUMAN,MKLN1_HUMAN
STAT3_HUMAN,HIC1_HUMAN
STAT3_HUMAN,STON1_HUMAN
STAT3_HUMAN,P3H3_HUMAN
STAT3_HUMAN,FOXK1_HUMAN
STAT3_HUMAN,FXL13_HUMAN
HDAC6_HUMAN,A0A494C1K3_HUMAN
HDAC6_HUMAN,HEPH_HUMAN
HDAC6_HUMAN,BMP2K_HUMAN
HDAC6_HUMAN,CTSRG_HUMAN
HDAC6_HUMAN,HPHL1_HUMAN
HDAC6_HUMAN,A0A5F9ZI57_HUMAN
PCM1_HUMAN,K1549_HUMAN
PCM1_HUMAN,A0A8I5KRS9_HUMAN
PCM1_HUMAN,GRB1L_HUMAN
PCM1_HUMAN,SKT_HUMAN
PCM1_HUMAN,TNR6A_HUMAN
PCM1_HUMAN,MYH4_HUMAN
NOS3_HUMAN,FHDC1_HUMAN
NOS3_HUMAN,ITAM_HUMAN
NOS3_HUMAN,CF251_HUMAN
NOS3_HUMAN,E9PF63_HUMAN
NOS3_HUMAN,AP3D1_HUMAN
NOS3_HUMAN,SGSM1_HUMAN
NUD11_HUMAN,B9A008_HUMAN
NUD11_HUMAN,A0A0P1J1R0_HUMAN
NUD11_HUMAN,PLD3A_HUMAN
NUD11_HUMAN,RHEX_HUMAN
NUD11_HUMAN,C9JJ39_HUMAN
NUD11_HUMAN,A0A7P0TA44_HUMAN
ZRAB3_HUMAN,ITA4_HUMAN
ZRAB3_HUMAN,HIP1_HUMAN
ZRAB3_HUMAN,NLRP3_HUMAN
ZRAB3_HUMAN,ACK1_HUMAN
ZRAB3_HUMAN,MORC2_HUMAN
ZRAB3_HUMAN,TLR9_HUMAN
HSPA9_HUMAN,IRAK1_HUMAN
HSPA9_HUMAN,ORC3_HUMAN
HSPA9_HUMAN,ACSL4_HUMAN
HSPA9_HUMAN,MRE11_HUMAN
HSPA9_HUMAN,H0Y742_HUMAN
HSPA9_HUMAN,CAPR1_HUMAN
ST2A1_HUMAN,B4DJ75_HUMAN
ST2A1_HUMAN,A0A0S2Z497_HUMAN
ST2A1_HUMAN,A0A384P622_HUMAN
ST2A1_HUMAN,K7EMG5_HUMAN
ST2A1_HUMAN,NHEJ1_HUMAN
ST2A1_HUMAN,TA2R4_HUMAN
ERN1_HUMAN,A0A087WWP4_HUMAN
ERN1_HUMAN,ANO7_HUMAN
ERN1_HUMAN,A0A0S2Z4W4_HUMAN
ERN1_HUMAN,A0A804HKJ6_HUMAN
ERN1_HUMAN,F8VS42_HUMAN
ERN1_HUMAN,URGCP_HUMAN
MARC1_HUMAN,ERFE_HUMAN
MARC1_HUMAN,A0A2R8Y5A0_HUMAN
MARC1_HUMAN,GRM2A_HUMAN
MARC1_HUMAN,A0A384NYW3_HUMAN
MARC1_HUMAN,A0A2R8YDP2_HUMAN
MARC1_HUMAN,PON3_HUMAN
ZO1_HUMAN,LAMA4_HUMAN
ZO1_HUMAN,TAF1L_HUMAN
ZO1_HUMAN,A0A2U3TZV9_HUMAN
ZO1_HUMAN,WNK3_HUMAN
ZO1_HUMAN,MAST2_HUMAN
ZO1_HUMAN,A0A2R8Y6C9_HUMAN
PAIP2_HUMAN,K7EK07_HUMAN
PAIP2_HUMAN,M0QXX5_HUMAN
PAIP2_HUMAN,SH21B_HUMAN
PAIP2_HUMAN,RS12_HUMAN
PAIP2_HUMAN,Q15302_HUMAN
PAIP2_HUMAN,K7ENR2_HUMAN
ATG4B_HUMAN,CGL_HUMAN
ATG4B_HUMAN,SFTPD_HUMAN
ATG4B_HUMAN,BMP4_HUMAN
ATG4B_HUMAN,P2RX3_HUMAN
ATG4B_HUMAN,PAR2_HUMAN
ATG4B_HUMAN,HERP1_HUMAN
LEG1_HUMAN,VAMP4_HUMAN
LEG1_HUMAN,Q13429_HUMAN
LEG1_HUMAN,PROF1_HUMAN
LEG1_HUMAN,TXN4A_HUMAN
LEG1_HUMAN,AP2S1_HUMAN
LEG1_HUMAN,PROF2_HUMAN
AMPN_HUMAN,HXK3_HUMAN
AMPN_HUMAN,ESYT2_HUMAN
AMPN_HUMAN,DNLI1_HUMAN
AMPN_HUMAN,TNPO3_HUMAN
AMPN_HUMAN,BCLF1_HUMAN
AMPN_HUMAN,ANDR_HUMAN
JIP2_HUMAN,DDX21_HUMAN
JIP2_HUMAN,SUV3_HUMAN
JIP2_HUMAN,TLR2_HUMAN
JIP2_HUMAN,SEM3F_HUMAN
JIP2_HUMAN,UBP1_HUMAN
JIP2_HUMAN,A0A096LNR9_HUMAN
MT1G_HUMAN,MT1E_HUMAN
MT1G_HUMAN,COX7C_HUMAN
MT1G_HUMAN,A5JUZ3_HUMAN
MT1G_HUMAN,DFB4A_HUMAN
MT1G_HUMAN,H0YM04_HUMAN
MT1G_HUMAN,A0A087WU07_HUMAN
SAT2_HUMAN,Q6FGW4_HUMAN
SAT2_HUMAN,E7EWZ0_HUMAN
SAT2_HUMAN,A0A7P0TB81_HUMAN
SAT2_HUMAN,H0YNG2_HUMAN
SAT2_HUMAN,Q5SZG1_HUMAN
SAT2_HUMAN,A0A087WY90_HUMAN
FYN_HUMAN,A0A140VK65_HUMAN
FYN_HUMAN,ZBT45_HUMAN
FYN_HUMAN,KCA10_HUMAN
FYN_HUMAN,K2C72_HUMAN
FYN_HUMAN,A0A669KB03_HUMAN
FYN_HUMAN,K7EK11_HUMAN
CP4V2_HUMAN,A0A494BZW7_HUMAN
CP4V2_HUMAN,NCKX5_HUMAN
CP4V2_HUMAN,A0A7P0Z4K4_HUMAN
CP4V2_HUMAN,KCNA2_HUMAN
CP4V2_HUMAN,LRP11_HUMAN
CP4V2_HUMAN,PYRD1_HUMAN
BST2_HUMAN,A0A6Q8PGY1_HUMAN
BST2_HUMAN,CT451_HUMAN
BST2_HUMAN,MZB1_HUMAN
BST2_HUMAN,BHA15_HUMAN
BST2_HUMAN,H0YD03_HUMAN
BST2_HUMAN,H0YG62_HUMAN
PADI3_HUMAN,TAF6_HUMAN
PADI3_HUMAN,S27A4_HUMAN
PADI3_HUMAN,LOX15_HUMAN
PADI3_HUMAN,LIRB1_HUMAN
PADI3_HUMAN,KLH22_HUMAN
PADI3_HUMAN,GAS6_HUMAN
S27A2_HUMAN,PWP2B_HUMAN
S27A2_HUMAN,A0A7P0T937_HUMAN
S27A2_HUMAN,PYRG1_HUMAN
S27A2_HUMAN,CALX_HUMAN
S27A2_HUMAN,ZWILC_HUMAN
S27A2_HUMAN,ACM3_HUMAN
AIFM1_HUMAN,CFAI_HUMAN
AIFM1_HUMAN,PARP2_HUMAN
AIFM1_HUMAN,A0A7I2V598_HUMAN
AIFM1_HUMAN,A0A804HJ07_HUMAN
AIFM1_HUMAN,B0YJ88_HUMAN
AIFM1_HUMAN,DEN6B_HUMAN
RNT2_HUMAN,JMJD8_HUMAN
RNT2_HUMAN,SNAI2_HUMAN
RNT2_HUMAN,IL1B_HUMAN
RNT2_HUMAN,APOA1_HUMAN
RNT2_HUMAN,SRS12_HUMAN
RNT2_HUMAN,ZN363_HUMAN
LATS1_HUMAN,TAF4_HUMAN
LATS1_HUMAN,RENT1_HUMAN
LATS1_HUMAN,TCRG1_HUMAN
LATS1_HUMAN,UBP8_HUMAN
LATS1_HUMAN,PGFRA_HUMAN
LATS1_HUMAN,E2AK3_HUMAN
KAT2B_HUMAN,Q2M3L1_HUMAN
KAT2B_HUMAN,NADL2_HUMAN
KAT2B_HUMAN,A0A0C4DFT8_HUMAN
KAT2B_HUMAN,PLAP_HUMAN
KAT2B_HUMAN,F8W9L4_HUMAN
KAT2B_HUMAN,A0A804HK02_HUMAN
RIN3_HUMAN,A0A1W2PS19_HUMAN
RIN3_HUMAN,PCDA5_HUMAN
RIN3_HUMAN,NMDZ1_HUMAN
RIN3_HUMAN,A0A8I5KZ07_HUMAN
RIN3_HUMAN,A0A140VKC1_HUMAN
RIN3_HUMAN,Q2L6I0_HUMAN
LONM_HUMAN,A0A0S2Z4Z6_HUMAN
LONM_HUMAN,F5H0R1_HUMAN
LONM_HUMAN,A0A087WVM4_HUMAN
LONM_HUMAN,A0A804HJH8_HUMAN
LONM_HUMAN,FA13B_HUMAN
LONM_HUMAN,KPCD1_HUMAN
PTPM1_HUMAN,F5GX80_HUMAN
PTPM1_HUMAN,RAB38_HUMAN
PTPM1_HUMAN,TIRR_HUMAN
PTPM1_HUMAN,CD8B_HUMAN
PTPM1_HUMAN,A0A0U1RQD1_HUMAN
PTPM1_HUMAN,I3L2T9_HUMAN
AGK_HUMAN,GATA4_HUMAN
AGK_HUMAN,CRLF3_HUMAN
AGK_HUMAN,FADS1_HUMAN
AGK_HUMAN,GATA3_HUMAN
AGK_HUMAN,HXA3_HUMAN
AGK_HUMAN,A0A6Q8PG83_HUMAN
MIF_HUMAN,A0A590UJJ6_HUMAN
MIF_HUMAN,HYPK_HUMAN
MIF_HUMAN,C9K0U8_HUMAN
MIF_HUMAN,CRUM3_HUMAN
MIF_HUMAN,C9JZV5_HUMAN
MIF_HUMAN,J3KR21_HUMAN
RS2_HUMAN,CCNP_HUMAN
RS2_HUMAN,Q53GL6_HUMAN
RS2_HUMAN,C9JWN1_HUMAN
RS2_HUMAN,B1AL69_HUMAN
RS2_HUMAN,FA76A_HUMAN
RS2_HUMAN,A0A286YF02_HUMAN
8ODP_HUMAN,NEU2_HUMAN
8ODP_HUMAN,TAF12_HUMAN
8ODP_HUMAN,IL15_HUMAN
8ODP_HUMAN,TEBP_HUMAN
8ODP_HUMAN,LTOR1_HUMAN
8ODP_HUMAN,ECP_HUMAN
ARGI1_HUMAN,A0A5F9ZHJ0_HUMAN
ARGI1_HUMAN,B2R986_HUMAN
ARGI1_HUMAN,CB39L_HUMAN
ARGI1_HUMAN,T2R39_HUMAN
ARGI1_HUMAN,HEMK1_HUMAN
ARGI1_HUMAN,LORF1_HUMAN
EFTU_HUMAN,FOXD3_HUMAN
EFTU_HUMAN,D9ZGG2_HUMAN
EFTU_HUMAN,A0A8I5KS72_HUMAN
EFTU_HUMAN,OSGI1_HUMAN
EFTU_HUMAN,MYBPH_HUMAN
EFTU_HUMAN,MGT4C_HUMAN
PABP1_HUMAN,PDXL2_HUMAN
PABP1_HUMAN,A0A494C1F8_HUMAN
PABP1_HUMAN,EPMIP_HUMAN
PABP1_HUMAN,FBW1A_HUMAN
PABP1_HUMAN,CARM1_HUMAN
PABP1_HUMAN,GLT18_HUMAN
ACO13_HUMAN,RS19_HUMAN
ACO13_HUMAN,UB2V1_HUMAN
ACO13_HUMAN,DPOE3_HUMAN
ACO13_HUMAN,RS23_HUMAN
ACO13_HUMAN,UB2V2_HUMAN
ACO13_HUMAN,CYTC_HUMAN
UBE2C_HUMAN,JOS2_HUMAN
UBE2C_HUMAN,E9PQ47_HUMAN
UBE2C_HUMAN,DS13A_HUMAN
UBE2C_HUMAN,SSX2_HUMAN
UBE2C_HUMAN,IFNA2_HUMAN
UBE2C_HUMAN,PEBP1_HUMAN
EIF3A_HUMAN,E7EPI0_HUMAN
EIF3A_HUMAN,A0A140VJW1_HUMAN
EIF3A_HUMAN,AGRA3_HUMAN
EIF3A_HUMAN,MINK1_HUMAN
EIF3A_HUMAN,KI16B_HUMAN
EIF3A_HUMAN,E9PF10_HUMAN
CALM1_HUMAN,ACPM_HUMAN
CALM1_HUMAN,CDN2A_HUMAN
CALM1_HUMAN,NHP2_HUMAN
CALM1_HUMAN,PFD2_HUMAN
CALM1_HUMAN,H3BNK9_HUMAN
CALM1_HUMAN,DAOA_HUMAN
RL35A_HUMAN,XCL1_HUMAN
RL35A_HUMAN,E9PLA7_HUMAN
RL35A_HUMAN,Q5SVM7_HUMAN
RL35A_HUMAN,C9JJ68_HUMAN
RL35A_HUMAN,MIEN1_HUMAN
RL35A_HUMAN,H3BM64_HUMAN
PTPRQ_HUMAN,ABCA4_HUMAN
PTPRQ_HUMAN,CAC1I_HUMAN
PTPRQ_HUMAN,CAC1C_HUMAN
PTPRQ_HUMAN,H7BZH9_HUMAN
PTPRQ_HUMAN,DPOE1_HUMAN
PTPRQ_HUMAN,A0A8I5KVG7_HUMAN
RS3_HUMAN,A0A1B0GVT7_HUMAN
RS3_HUMAN,A0A2R8YCP1_HUMAN
RS3_HUMAN,A0A0S2Z5P2_HUMAN
RS3_HUMAN,S5A2_HUMAN
RS3_HUMAN,A0A804DAZ0_HUMAN
RS3_HUMAN,REEP3_HUMAN
SIAH1_HUMAN,ASB17_HUMAN
SIAH1_HUMAN,A0A494C1T7_HUMAN
SIAH1_HUMAN,CCND1_HUMAN
SIAH1_HUMAN,K7EIH5_HUMAN
SIAH1_HUMAN,TM241_HUMAN
SIAH1_HUMAN,V9HW60_HUMAN
ZDHC7_HUMAN,FOXE3_HUMAN
ZDHC7_HUMAN,APEX1_HUMAN
ZDHC7_HUMAN,RFPL1_HUMAN
ZDHC7_HUMAN,NPL_HUMAN
ZDHC7_HUMAN,ATOH8_HUMAN
ZDHC7_HUMAN,PLS1_HUMAN
ECHM_HUMAN,G3V2Q1_HUMAN
ECHM_HUMAN,D3DU92_HUMAN
ECHM_HUMAN,KI2S2_HUMAN
ECHM_HUMAN,DTWD1_HUMAN
ECHM_HUMAN,A0A075B6F9_HUMAN
ECHM_HUMAN,SPAT4_HUMAN
CBPC1_HUMAN,WDR35_HUMAN
CBPC1_HUMAN,ANFY1_HUMAN
CBPC1_HUMAN,B7ZM68_HUMAN
CBPC1_HUMAN,TSP2_HUMAN
CBPC1_HUMAN,A0A2R8Y5A6_HUMAN
CBPC1_HUMAN,FA83H_HUMAN
S10AC_HUMAN,ASURF_HUMAN
S10AC_HUMAN,SC61B_HUMAN
S10AC_HUMAN,KR123_HUMAN
S10AC_HUMAN,V9GZ59_HUMAN
S10AC_HUMAN,SPR1A_HUMAN
S10AC_HUMAN,KR121_HUMAN
CRGD_HUMAN,RGS5_HUMAN
CRGD_HUMAN,TNNI2_HUMAN
CRGD_HUMAN,RAP2A_HUMAN
CRGD_HUMAN,NFE4_HUMAN
CRGD_HUMAN,EMC4_HUMAN
CRGD_HUMAN,A0A494BXC7_HUMAN
RS19_HUMAN,NDKB_HUMAN
RS19_HUMAN,RS13_HUMAN
RS19_HUMAN,CEBPG_HUMAN
RS19_HUMAN,OOEP_HUMAN
RS19_HUMAN,UBE2N_HUMAN
RS19_HUMAN,COX5A_HUMAN
RN111_HUMAN,CTNA2_HUMAN
RN111_HUMAN,ATL2_HUMAN
RN111_HUMAN,AL2CL_HUMAN
RN111_HUMAN,Q5JV20_HUMAN
RN111_HUMAN,PCDA8_HUMAN
RN111_HUMAN,AT2C2_HUMAN
ALDR_HUMAN,TAL1_HUMAN
ALDR_HUMAN,IL12B_HUMAN
ALDR_HUMAN,BACD1_HUMAN
ALDR_HUMAN,IRF1_HUMAN
ALDR_HUMAN,VP26A_HUMAN
ALDR_HUMAN,CREB1_HUMAN
CD38_HUMAN,A0A7P0TA31_HUMAN
CD38_HUMAN,E7EQB3_HUMAN
CD38_HUMAN,FAH2B_HUMAN
CD38_HUMAN,TRBR2_HUMAN
CD38_HUMAN,H0YEX5_HUMAN
CD38_HUMAN,ARGFX_HUMAN
F263_HUMAN,A0A0C4DGN7_HUMAN
F263_HUMAN,S17A4_HUMAN
F263_HUMAN,A0A090N8N3_HUMAN
F263_HUMAN,NOTUM_HUMAN
F263_HUMAN,A6NL54_HUMAN
F263_HUMAN,B1AMR3_HUMAN
INO80_HUMAN,A0A8I5KT00_HUMAN
INO80_HUMAN,A0A8J9FM07_HUMAN
INO80_HUMAN,TEX14_HUMAN
INO80_HUMAN,H0YJ14_HUMAN
INO80_HUMAN,MRP6_HUMAN
INO80_HUMAN,P3C2G_HUMAN
CBR1_HUMAN,ALKB3_HUMAN
CBR1_HUMAN,KCMB3_HUMAN
CBR1_HUMAN,HMOX1_HUMAN
CBR1_HUMAN,PHB1_HUMAN
CBR1_HUMAN,HES1_HUMAN
CBR1_HUMAN,IL1A_HUMAN
TRIM8_HUMAN,SAP_HUMAN
TRIM8_HUMAN,NLK_HUMAN
TRIM8_HUMAN,FUS_HUMAN
TRIM8_HUMAN,PUS10_HUMAN
TRIM8_HUMAN,CEAM1_HUMAN
TRIM8_HUMAN,HCK_HUMAN
FYV1_HUMAN,FANCM_HUMAN
FYV1_HUMAN,A0A2R8Y840_HUMAN
FYV1_HUMAN,A0A804HIW6_HUMAN
FYV1_HUMAN,A0A6Q8PGG9_HUMAN
FYV1_HUMAN,LOXH1_HUMAN
FYV1_HUMAN,M0R300_HUMAN
DUS18_HUMAN,H0Y852_HUMAN
DUS18_HUMAN,TLE5_HUMAN
DUS18_HUMAN,CITE1_HUMAN
DUS18_HUMAN,UB2E1_HUMAN
DUS18_HUMAN,MYL1_HUMAN
DUS18_HUMAN,RAC1_HUMAN
RM22_HUMAN,PRDX5_HUMAN
RM22_HUMAN,IL6_HUMAN
RM22_HUMAN,HMGB1_HUMAN
RM22_HUMAN,PPCT_HUMAN
RM22_HUMAN,C9JEZ4_HUMAN
RM22_HUMAN,RAB5A_HUMAN
SRPK1_HUMAN,A0A0S2Z4Y4_HUMAN
SRPK1_HUMAN,IL23R_HUMAN
SRPK1_HUMAN,RNF12_HUMAN
SRPK1_HUMAN,ADCK2_HUMAN
SRPK1_HUMAN,S13A4_HUMAN
SRPK1_HUMAN,ABCF2_HUMAN
HMGN1_HUMAN,PROK1_HUMAN
HMGN1_HUMAN,C9JM58_HUMAN
HMGN1_HUMAN,C9JTN1_HUMAN
HMGN1_HUMAN,C9J618_HUMAN
HMGN1_HUMAN,Q53HY9_HUMAN
HMGN1_HUMAN,E7EWR8_HUMAN
HMGA1_HUMAN,ATIF1_HUMAN
HMGA1_HUMAN,C9J5U3_HUMAN
HMGA1_HUMAN,H0YMR0_HUMAN
HMGA1_HUMAN,PHF5A_HUMAN
HMGA1_HUMAN,KR124_HUMAN
HMGA1_HUMAN,BET1L_HUMAN
EF2_HUMAN,VILI_HUMAN
EF2_HUMAN,LDLR_HUMAN
EF2_HUMAN,SOX6_HUMAN
EF2_HUMAN,STRP1_HUMAN
EF2_HUMAN,ADAM9_HUMAN
EF2_HUMAN,M4K1_HUMAN
CLIC1_HUMAN,Q5QPE7_HUMAN
CLIC1_HUMAN,PRPK_HUMAN
CLIC1_HUMAN,PIGL_HUMAN
CLIC1_HUMAN,A0A7P0Z490_HUMAN
CLIC1_HUMAN,GOSR1_HUMAN
CLIC1_HUMAN,CFAD_HUMAN
DUS21_HUMAN,LRMDA_HUMAN
DUS21_HUMAN,B8ZZZ4_HUMAN
DUS21_HUMAN,LEUTX_HUMAN
DUS21_HUMAN,A0A0K0MJ49_HUMAN
DUS21_HUMAN,TCF15_HUMAN
DUS21_HUMAN,A0A494C115_HUMAN
MAGAB_HUMAN,ITFG2_HUMAN
MAGAB_HUMAN,KCNJ4_HUMAN
MAGAB_HUMAN,FBX9_HUMAN
MAGAB_HUMAN,MP2K5_HUMAN
MAGAB_HUMAN,WT1_HUMAN
MAGAB_HUMAN,TFDP2_HUMAN
XRN1_HUMAN,DDX60_HUMAN
XRN1_HUMAN,BCOR_HUMAN
XRN1_HUMAN,PAPP2_HUMAN
XRN1_HUMAN,SI1L3_HUMAN
XRN1_HUMAN,H0Y9E9_HUMAN
XRN1_HUMAN,A0A804HI08_HUMAN
RL31_HUMAN,CCL28_HUMAN
RL31_HUMAN,BATF3_HUMAN
RL31_HUMAN,PIN4_HUMAN
RL31_HUMAN,A6NDA1_HUMAN
RL31_HUMAN,H2B1J_HUMAN
RL31_HUMAN,PEA15_HUMAN
HIP1_HUMAN,Q9Y4I9_HUMAN
HIP1_HUMAN,MOV10_HUMAN
HIP1_HUMAN,KCNH5_HUMAN
HIP1_HUMAN,FAK2_HUMAN
HIP1_HUMAN,DHX36_HUMAN
HIP1_HUMAN,ZBTB4_HUMAN
RS20_HUMAN,I3L0X6_HUMAN
RS20_HUMAN,B8YCP3_HUMAN
RS20_HUMAN,C9J9P1_HUMAN
RS20_HUMAN,C9JQK8_HUMAN
RS20_HUMAN,C9JGN2_HUMAN
RS20_HUMAN,B4DQ48_HUMAN
PKP3_HUMAN,A0A7P0T9U7_HUMAN
PKP3_HUMAN,PLPR4_HUMAN
PKP3_HUMAN,ERCC2_HUMAN
PKP3_HUMAN,DACH1_HUMAN
PKP3_HUMAN,A0A8I5QJI3_HUMAN
PKP3_HUMAN,E9KL44_HUMAN
RIPK2_HUMAN,CP24A_HUMAN
RIPK2_HUMAN,FCRL4_HUMAN
RIPK2_HUMAN,A0A7P0MRW0_HUMAN
RIPK2_HUMAN,D6REA0_HUMAN
RIPK2_HUMAN,A0A494C179_HUMAN
RIPK2_HUMAN,ARHG9_HUMAN
PTGES_HUMAN,C9JE25_HUMAN
PTGES_HUMAN,F8W961_HUMAN
PTGES_HUMAN,E5RGE8_HUMAN
PTGES_HUMAN,TMM92_HUMAN
PTGES_HUMAN,TSLP_HUMAN
PTGES_HUMAN,AP1S2_HUMAN
PGH1_HUMAN,LPP60_HUMAN
PGH1_HUMAN,E9PD68_HUMAN
PGH1_HUMAN,A0A1L7NY50_HUMAN
PGH1_HUMAN,A0A024R3X4_HUMAN
PGH1_HUMAN,A0A2R8YGK2_HUMAN
PGH1_HUMAN,G3V3A4_HUMAN
SIA4A_HUMAN,APTX_HUMAN
SIA4A_HUMAN,A0A7I2V647_HUMAN
SIA4A_HUMAN,A0A6I8PLE7_HUMAN
SIA4A_HUMAN,A0A2R8Y7R8_HUMAN
SIA4A_HUMAN,AUNIP_HUMAN
SIA4A_HUMAN,D6RDF7_HUMAN
HNRPD_HUMAN,CDK9_HUMAN
HNRPD_HUMAN,NKX21_HUMAN
HNRPD_HUMAN,MET18_HUMAN
HNRPD_HUMAN,DAPK2_HUMAN
HNRPD_HUMAN,MCUR1_HUMAN
HNRPD_HUMAN,HLAB_HUMAN
CBR4_HUMAN,STC1_HUMAN
CBR4_HUMAN,IF4E2_HUMAN
CBR4_HUMAN,VATD_HUMAN
CBR4_HUMAN,TMT1A_HUMAN
CBR4_HUMAN,MBL2_HUMAN
CBR4_HUMAN,VAPA_HUMAN
ABI2_HUMAN,A0A804HI25_HUMAN
ABI2_HUMAN,A0A0C4DFN8_HUMAN
ABI2_HUMAN,ACV1C_HUMAN
ABI2_HUMAN,A0A0S2Z456_HUMAN
ABI2_HUMAN,V9HVY1_HUMAN
ABI2_HUMAN,A2AP_HUMAN
LYPA2_HUMAN,RS3_HUMAN
LYPA2_HUMAN,NAA60_HUMAN
LYPA2_HUMAN,CD63_HUMAN
LYPA2_HUMAN,DRAM1_HUMAN
LYPA2_HUMAN,BCL2_HUMAN
LYPA2_HUMAN,ABEC1_HUMAN
TERA_HUMAN,A0A8I5KVT9_HUMAN
TERA_HUMAN,RGL1_HUMAN
TERA_HUMAN,D9YZV9_HUMAN
TERA_HUMAN,GOGA1_HUMAN
TERA_HUMAN,CAD19_HUMAN
TERA_HUMAN,TLK2_HUMAN
PEMT_HUMAN,GDIR2_HUMAN
PEMT_HUMAN,TWST1_HUMAN
PEMT_HUMAN,A1AG2_HUMAN
PEMT_HUMAN,EFNA1_HUMAN
PEMT_HUMAN,RAB13_HUMAN
PEMT_HUMAN,RAB1B_HUMAN
DUS29_HUMAN,GSTA1_HUMAN
DUS29_HUMAN,CPSF5_HUMAN
DUS29_HUMAN,UBE2S_HUMAN
DUS29_HUMAN,RAB21_HUMAN
DUS29_HUMAN,RAB3A_HUMAN
DUS29_HUMAN,TMED7_HUMAN
1433G_HUMAN,A0A0B4J1R1_HUMAN
1433G_HUMAN,F5GWD3_HUMAN
1433G_HUMAN,A0A7I2V575_HUMAN
1433G_HUMAN,DMAC2_HUMAN
1433G_HUMAN,A7UKY0_HUMAN
1433G_HUMAN,SPIN3_HUMAN
KDM8_HUMAN,IRF3_HUMAN
KDM8_HUMAN,TGFB2_HUMAN
KDM8_HUMAN,DAAF4_HUMAN
KDM8_HUMAN,RBM22_HUMAN
KDM8_HUMAN,AP2A_HUMAN
KDM8_HUMAN,SMAD3_HUMAN
FMO3_HUMAN,HSP7E_HUMAN
FMO3_HUMAN,E7ETN2_HUMAN
FMO3_HUMAN,A0A8I5KXC0_HUMAN
FMO3_HUMAN,A0A1B0GV84_HUMAN
FMO3_HUMAN,A0A024R8S5_HUMAN
FMO3_HUMAN,LDHD_HUMAN
RS27_HUMAN,A2A2D0_HUMAN
RS27_HUMAN,M0R015_HUMAN
RS27_HUMAN,COA4_HUMAN
RS27_HUMAN,E9PM24_HUMAN
RS27_HUMAN,A0A0U1RQQ7_HUMAN
RS27_HUMAN,C9K0M0_HUMAN
CCL5_HUMAN,E5RGD3_HUMAN
CCL5_HUMAN,E9PQB4_HUMAN
CCL5_HUMAN,TIM13_HUMAN
CCL5_HUMAN,F5H7Z3_HUMAN
CCL5_HUMAN,A0A087WUN7_HUMAN
CCL5_HUMAN,J3QLM2_HUMAN
ITSN2_HUMAN,A0A1B0GV47_HUMAN
ITSN2_HUMAN,A0A2R8Y7C8_HUMAN
ITSN2_HUMAN,A0A2R8Y5F1_HUMAN
ITSN2_HUMAN,A0A087WTF3_HUMAN
ITSN2_HUMAN,CO4A_HUMAN
ITSN2_HUMAN,X5D2U8_HUMAN
IF4G1_HUMAN,A0A384MR42_HUMAN
IF4G1_HUMAN,A0A1B0GTW6_HUMAN
IF4G1_HUMAN,A0A6Q8PFM0_HUMAN
IF4G1_HUMAN,HECW2_HUMAN
IF4G1_HUMAN,SAM9L_HUMAN
IF4G1_HUMAN,Q5JSG7_HUMAN
RL37_HUMAN,Q5NV66_HUMAN
RL37_HUMAN,C9IYB8_HUMAN
RL37_HUMAN,CP141_HUMAN
RL37_HUMAN,APOA2_HUMAN
RL37_HUMAN,E5RH69_HUMAN
RL37_HUMAN,PTMS_HUMAN
RL36A_HUMAN,A0A1B0GXE7_HUMAN
RL36A_HUMAN,BORC7_HUMAN
RL36A_HUMAN,D6RDG3_HUMAN
RL36A_HUMAN,C9JZ87_HUMAN
RL36A_HUMAN,E9PIP9_HUMAN
RL36A_HUMAN,A0A8I5KNZ0_HUMAN
TENS2_HUMAN,MSH6_HUMAN
TENS2_HUMAN,A0A0A0MT33_HUMAN
TENS2_HUMAN,A0A6Q8PHC9_HUMAN
TENS2_HUMAN,G3V599_HUMAN
TENS2_HUMAN,H0Y326_HUMAN
TENS2_HUMAN,A0A804HIG4_HUMAN
XCL1_HUMAN,C9JQH3_HUMAN
XCL1_HUMAN,A8MUH2_HUMAN
XCL1_HUMAN,Q6IAW1_HUMAN
XCL1_HUMAN,Q13138_HUMAN
XCL1_HUMAN,TVA19_HUMAN
XCL1_HUMAN,TVA29_HUMAN
AOXA_HUMAN,A0A1Y0BRN3_HUMAN
AOXA_HUMAN,PRD16_HUMAN
AOXA_HUMAN,PTPRC_HUMAN
AOXA_HUMAN,A0A804HKX1_HUMAN
AOXA_HUMAN,DEN5B_HUMAN
AOXA_HUMAN,A0A7P0Q1F0_HUMAN
RS24_HUMAN,A0A087WT34_HUMAN
RS24_HUMAN,E5RH35_HUMAN
RS24_HUMAN,F6SXL5_HUMAN
RS24_HUMAN,A0A2R8Y6U9_HUMAN
RS24_HUMAN,C9JA36_HUMAN
RS24_HUMAN,A0A087WZE9_HUMAN
RS25_HUMAN,K7EN69_HUMAN
RS25_HUMAN,C9JMI3_HUMAN
RS25_HUMAN,I3L329_HUMAN
RS25_HUMAN,SRSP_HUMAN
RS25_HUMAN,Q6FGL7_HUMAN
RS25_HUMAN,EMC5_HUMAN
SLPI_HUMAN,TM203_HUMAN
SLPI_HUMAN,RET5_HUMAN
SLPI_HUMAN,H0Y8R3_HUMAN
SLPI_HUMAN,Q14755_HUMAN
SLPI_HUMAN,HPIP_HUMAN
SLPI_HUMAN,KRA42_HUMAN
RL27_HUMAN,A0A0A0MSG8_HUMAN
RL27_HUMAN,CYTD_HUMAN
RL27_HUMAN,H3BNZ3_HUMAN
RL27_HUMAN,D6RDX9_HUMAN
RL27_HUMAN,C9J4X8_HUMAN
RL27_HUMAN,H0YHX3_HUMAN
SYUA_HUMAN,C9J6I8_HUMAN
SYUA_HUMAN,MORN4_HUMAN
SYUA_HUMAN,CHSP1_HUMAN
SYUA_HUMAN,A0A1W2PQE0_HUMAN
SYUA_HUMAN,UB2D4_HUMAN
SYUA_HUMAN,A0M8W4_HUMAN
C2TA_HUMAN,WDHD1_HUMAN
C2TA_HUMAN,A0A8I5KVB5_HUMAN
C2TA_HUMAN,GRIP1_HUMAN
C2TA_HUMAN,A0A2S1ZR87_HUMAN
C2TA_HUMAN,IPO5_HUMAN
C2TA_HUMAN,WDR72_HUMAN
RENT1_HUMAN,ATX2L_HUMAN
RENT1_HUMAN,CP131_HUMAN
RENT1_HUMAN,GUC2C_HUMAN
RENT1_HUMAN,F8VQP2_HUMAN
RENT1_HUMAN,M3K9_HUMAN
RENT1_HUMAN,UBP53_HUMAN
KANL1_HUMAN,ZBT11_HUMAN
KANL1_HUMAN,A0A2R8YDB8_HUMAN
KANL1_HUMAN,TRHDE_HUMAN
KANL1_HUMAN,J3QLU9_HUMAN
KANL1_HUMAN,KDM4C_HUMAN
KANL1_HUMAN,ACD10_HUMAN
DUS23_HUMAN,D6RBQ9_HUMAN
DUS23_HUMAN,H0YCH8_HUMAN
DUS23_HUMAN,A0A075B6P4_HUMAN
DUS23_HUMAN,A0A087WVT9_HUMAN
DUS23_HUMAN,C9JNI4_HUMAN
DUS23_HUMAN,A0A087X183_HUMAN
LTC4S_HUMAN,O43645_HUMAN
LTC4S_HUMAN,PPR27_HUMAN
LTC4S_HUMAN,M0R054_HUMAN
LTC4S_HUMAN,S4R3T5_HUMAN
LTC4S_HUMAN,TM50A_HUMAN
LTC4S_HUMAN,A0A140VJI5_HUMAN
ACK1_HUMAN,A0A3B3ITL0_HUMAN
ACK1_HUMAN,E9PEI0_HUMAN
ACK1_HUMAN,A0A7I2V5C6_HUMAN
ACK1_HUMAN,HERC6_HUMAN
ACK1_HUMAN,A0A669KBC2_HUMAN
ACK1_HUMAN,A0A8I5KZ68_HUMAN
RS27A_HUMAN,SUPYN_HUMAN
RS27A_HUMAN,A0A140VJS7_HUMAN
RS27A_HUMAN,F6VDH7_HUMAN
RS27A_HUMAN,I3L0Z6_HUMAN
RS27A_HUMAN,A0A0S2Z6I4_HUMAN
RS27A_HUMAN,KR134_HUMAN
RL29_HUMAN,E9PRS3_HUMAN
RL29_HUMAN,A8MZB2_HUMAN
RL29_HUMAN,A2AAT8_HUMAN
RL29_HUMAN,GTSF1_HUMAN
RL29_HUMAN,A2A2P1_HUMAN
RL29_HUMAN,E7EQ72_HUMAN
VKOR1_HUMAN,SRARP_HUMAN
VKOR1_HUMAN,E7EWJ9_HUMAN
VKOR1_HUMAN,ML12A_HUMAN
VKOR1_HUMAN,M0QXD7_HUMAN
VKOR1_HUMAN,A0A1W2PQK0_HUMAN
VKOR1_HUMAN,A0A0S2Z5U1_HUMAN
PARP1_HUMAN,A0A6Q8PFY2_HUMAN
PARP1_HUMAN,A0A8I5KQ62_HUMAN
PARP1_HUMAN,A0A087WZ65_HUMAN
PARP1_HUMAN,NED4L_HUMAN
PARP1_HUMAN,D6RD46_HUMAN
PARP1_HUMAN,DLGP3_HUMAN
NAA50_HUMAN,A0A087WU55_HUMAN
NAA50_HUMAN,KR132_HUMAN
NAA50_HUMAN,B7Z509_HUMAN
NAA50_HUMAN,A0A7I2YQX2_HUMAN
NAA50_HUMAN,C9JL25_HUMAN
NAA50_HUMAN,F8W8H5_HUMAN
CRGC_HUMAN,A0PJA6_HUMAN
CRGC_HUMAN,A0A024RCQ4_HUMAN
CRGC_HUMAN,SAYS1_HUMAN
CRGC_HUMAN,ARF3_HUMAN
CRGC_HUMAN,E9PNI1_HUMAN
CRGC_HUMAN,A0A0A0MRR7_HUMAN
RL11_HUMAN,A0A0A0MSU9_HUMAN
RL11_HUMAN,REL1_HUMAN
RL11_HUMAN,G3V575_HUMAN
RL11_HUMAN,TP8L1_HUMAN
RL11_HUMAN,A0A087WVB9_HUMAN
RL11_HUMAN,M0R226_HUMAN
MOC2B_HUMAN,A0A0U1RQF8_HUMAN
MOC2B_HUMAN,A0A087WT64_HUMAN
MOC2B_HUMAN,A0A0B4J2C3_HUMAN
MOC2B_HUMAN,F6R6M7_HUMAN
MOC2B_HUMAN,B7Z4J8_HUMAN
MOC2B_HUMAN,F5H0U5_HUMAN
DS13A_HUMAN,PTGDS_HUMAN
DS13A_HUMAN,Q5T094_HUMAN
DS13A_HUMAN,CBX5_HUMAN
DS13A_HUMAN,A0A1W2PRP7_HUMAN
DS13A_HUMAN,E5RGR0_HUMAN
DS13A_HUMAN,PGRC1_HUMAN
SPICE_HUMAN,B8ZZ38_HUMAN
SPICE_HUMAN,A0A087WTW0_HUMAN
SPICE_HUMAN,A0A0B4J203_HUMAN
SPICE_HUMAN,A0A087X085_HUMAN
SPICE_HUMAN,ARHGF_HUMAN
SPICE_HUMAN,A0A0A0MSI2_HUMAN
DISC1_HUMAN,H0Y9P1_HUMAN
DISC1_HUMAN,LIPB2_HUMAN
DISC1_HUMAN,H0Y6H0_HUMAN
DISC1_HUMAN,Q548C2_HUMAN
DISC1_HUMAN,LITD1_HUMAN
DISC1_HUMAN,H0YA20_HUMAN
KDM1A_HUMAN,A0A3B3IU79_HUMAN
KDM1A_HUMAN,AXIN1_HUMAN
KDM1A_HUMAN,AKAP3_HUMAN
KDM1A_HUMAN,A0A6Q8PGW5_HUMAN
KDM1A_HUMAN,R9QE65_HUMAN
KDM1A_HUMAN,PP6R3_HUMAN
DNM3A_HUMAN,A0A3B3IT92_HUMAN
DNM3A_HUMAN,KMT5B_HUMAN
DNM3A_HUMAN,D3DQV9_HUMAN
DNM3A_HUMAN,A0A140VK05_HUMAN
DNM3A_HUMAN,CNTRB_HUMAN
DNM3A_HUMAN,A0A0S2Z4W1_HUMAN
NRP1_HUMAN,ATX7_HUMAN
NRP1_HUMAN,SP100_HUMAN
NRP1_HUMAN,TLR3_HUMAN
NRP1_HUMAN,KANL3_HUMAN
NRP1_HUMAN,CBL_HUMAN
NRP1_HUMAN,KI20A_HUMAN
CLOCK_HUMAN,ZNF43_HUMAN
CLOCK_HUMAN,A0A2R8Y6W8_HUMAN
CLOCK_HUMAN,A0A8I5KT73_HUMAN
CLOCK_HUMAN,SPON1_HUMAN
CLOCK_HUMAN,TS1R3_HUMAN
CLOCK_HUMAN,Q2L6I2_HUMAN
PHC2_HUMAN,ATS4_HUMAN
PHC2_HUMAN,HNRPU_HUMAN
PHC2_HUMAN,LMBL1_HUMAN
PHC2_HUMAN,TGM1_HUMAN
PHC2_HUMAN,M4K5_HUMAN
PHC2_HUMAN,DDX20_HUMAN
TLR4_HUMAN,A0A7I2RW32_HUMAN
TLR4_HUMAN,RASL1_HUMAN
TLR4_HUMAN,LRC8A_HUMAN
TLR4_HUMAN,CTSRD_HUMAN
TLR4_HUMAN,CADH8_HUMAN
TLR4_HUMAN,CPT1C_HUMAN
HPGDS_HUMAN,CD3CH_HUMAN
HPGDS_HUMAN,LIN7B_HUMAN
HPGDS_HUMAN,A0A087X1P5_HUMAN
HPGDS_HUMAN,A0A804HJ46_HUMAN
HPGDS_HUMAN,A0A140VK94_HUMAN
HPGDS_HUMAN,CRBB2_HUMAN
ITBP1_HUMAN,SPRY4_HUMAN
ITBP1_HUMAN,NTF4_HUMAN
ITBP1_HUMAN,CTAG2_HUMAN
ITBP1_HUMAN,AKIP1_HUMAN
ITBP1_HUMAN,GUC1A_HUMAN
ITBP1_HUMAN,DRC12_HUMAN
UBE2K_HUMAN,PSB3_HUMAN
UBE2K_HUMAN,RBPS2_HUMAN
UBE2K_HUMAN,RAB30_HUMAN
UBE2K_HUMAN,RGS1_HUMAN
UBE2K_HUMAN,RAB8A_HUMAN
UBE2K_HUMAN,MGMT_HUMAN
BLVRB_HUMAN,RCAS1_HUMAN
BLVRB_HUMAN,E7EW06_HUMAN
BLVRB_HUMAN,A0A8I5KXI2_HUMAN
BLVRB_HUMAN,A0A2R8YFH6_HUMAN
BLVRB_HUMAN,C9J5V9_HUMAN
BLVRB_HUMAN,NICN1_HUMAN
FGF21_HUMAN,A0A140VJL3_HUMAN
FGF21_HUMAN,TPPC4_HUMAN
FGF21_HUMAN,DUS19_HUMAN
FGF21_HUMAN,A0A8I5QJI2_HUMAN
FGF21_HUMAN,H0YKA2_HUMAN
FGF21_HUMAN,RGS19_HUMAN
ATX1_HUMAN,RGL2_HUMAN
ATX1_HUMAN,A0A2Z2CIT2_HUMAN
ATX1_HUMAN,A0A8I5KVH8_HUMAN
ATX1_HUMAN,HPS6_HUMAN
ATX1_HUMAN,ARHG6_HUMAN
ATX1_HUMAN,GCC1_HUMAN
GSTK1_HUMAN,A0A0S2Z565_HUMAN
GSTK1_HUMAN,A0A087X1Q1_HUMAN
GSTK1_HUMAN,A8MYR2_HUMAN
GSTK1_HUMAN,E5RIZ4_HUMAN
GSTK1_HUMAN,A0A087WW88_HUMAN
GSTK1_HUMAN,A0A024RAA1_HUMAN
GSTM3_HUMAN,F6RTR7_HUMAN
GSTM3_HUMAN,T150B_HUMAN
GSTM3_HUMAN,GSTA2_HUMAN
GSTM3_HUMAN,F6S4E6_HUMAN
GSTM3_HUMAN,HES7_HUMAN
GSTM3_HUMAN,NUD14_HUMAN
CXB2_HUMAN,A2AB23_HUMAN
CXB2_HUMAN,J3QLI2_HUMAN
CXB2_HUMAN,TEX35_HUMAN
CXB2_HUMAN,X6RCL8_HUMAN
CXB2_HUMAN,OTUB2_HUMAN
CXB2_HUMAN,B4E3T4_HUMAN
YETS4_HUMAN,SODM_HUMAN
YETS4_HUMAN,TMED5_HUMAN
YETS4_HUMAN,SRA1_HUMAN
YETS4_HUMAN,A0A8I5KVE2_HUMAN
YETS4_HUMAN,H0YDE4_HUMAN
YETS4_HUMAN,C9IY40_HUMAN
NAT8_HUMAN,F8VXS0_HUMAN
NAT8_HUMAN,EBP_HUMAN
NAT8_HUMAN,MT21D_HUMAN
NAT8_HUMAN,ACKMT_HUMAN
NAT8_HUMAN,FAHD1_HUMAN
NAT8_HUMAN,SGMR1_HUMAN
GSTT1_HUMAN,A0A087X0L2_HUMAN
GSTT1_HUMAN,A0A087X1W1_HUMAN
GSTT1_HUMAN,SOX14_HUMAN
GSTT1_HUMAN,B0QYZ7_HUMAN
GSTT1_HUMAN,M4A8_HUMAN
GSTT1_HUMAN,A0A3F2YNX8_HUMAN
DBLOH_HUMAN,TRYD_HUMAN
DBLOH_HUMAN,MORN3_HUMAN
DBLOH_HUMAN,NKG2E_HUMAN
DBLOH_HUMAN,KR10A_HUMAN
DBLOH_HUMAN,TAP26_HUMAN
DBLOH_HUMAN,I3L3R1_HUMAN
EGLN3_HUMAN,GEMI8_HUMAN
EGLN3_HUMAN,PMM2_HUMAN
EGLN3_HUMAN,H3BNR2_HUMAN
EGLN3_HUMAN,C1QA_HUMAN
EGLN3_HUMAN,A0A1B0GTU6_HUMAN
EGLN3_HUMAN,Q86VL0_HUMAN
ZW10_HUMAN,AMPD1_HUMAN
ZW10_HUMAN,A0A2R8Y750_HUMAN
ZW10_HUMAN,A0A0A0MRH8_HUMAN
ZW10_HUMAN,CD44_HUMAN
ZW10_HUMAN,E5RFM9_HUMAN
ZW10_HUMAN,E9PKP7_HUMAN
DCK_HUMAN,B1APM4_HUMAN
DCK_HUMAN,A0A2R8Y687_HUMAN
DCK_HUMAN,A0A024RA31_HUMAN
DCK_HUMAN,A0A2R8Y6M7_HUMAN
DCK_HUMAN,A0A8I5QKT8_HUMAN
DCK_HUMAN,A0A0S2Z504_HUMAN
CAH2_HUMAN,R4GMN4_HUMAN
CAH2_HUMAN,WBP1_HUMAN
CAH2_HUMAN,HAPR2_HUMAN
CAH2_HUMAN,NGN2_HUMAN
CAH2_HUMAN,I3L1N0_HUMAN
CAH2_HUMAN,I3L1Q3_HUMAN
DHR11_HUMAN,COMT_HUMAN
DHR11_HUMAN,SMUG1_HUMAN
DHR11_HUMAN,IOD2_HUMAN
DHR11_HUMAN,NFAM1_HUMAN
DHR11_HUMAN,EAF1_HUMAN
DHR11_HUMAN,CEBPD_HUMAN
ACER2_HUMAN,A0A024RCV5_HUMAN
ACER2_HUMAN,Q53FM2_HUMAN
ACER2_HUMAN,C9JEB6_HUMAN
ACER2_HUMAN,E9PIB2_HUMAN
ACER2_HUMAN,A0A3B3IRT8_HUMAN
ACER2_HUMAN,A0A087WZJ6_HUMAN
PMGE_HUMAN,TM192_HUMAN
PMGE_HUMAN,AQP2_HUMAN
PMGE_HUMAN,RFA4_HUMAN
PMGE_HUMAN,PCNA_HUMAN
PMGE_HUMAN,STX7_HUMAN
PMGE_HUMAN,ACER3_HUMAN
TRMB_HUMAN,A0A140VJZ5_HUMAN
TRMB_HUMAN,H7C4V2_HUMAN
TRMB_HUMAN,G5E9W7_HUMAN
TRMB_HUMAN,H0YIA6_HUMAN
TRMB_HUMAN,K7ENA8_HUMAN
TRMB_HUMAN,ICAM2_HUMAN
CBR3_HUMAN,PHYD1_HUMAN
CBR3_HUMAN,TLX3_HUMAN
CBR3_HUMAN,KLF6_HUMAN
CBR3_HUMAN,ERMIN_HUMAN
CBR3_HUMAN,K7EIY6_HUMAN
CBR3_HUMAN,A0A1W2PQS6_HUMAN
IMPA1_HUMAN,ACBD6_HUMAN
IMPA1_HUMAN,CAZA1_HUMAN
IMPA1_HUMAN,EXOS3_HUMAN
IMPA1_HUMAN,HEXI2_HUMAN
IMPA1_HUMAN,HVCN1_HUMAN
IMPA1_HUMAN,A0A499FIY3_HUMAN
DGUOK_HUMAN,ING2_HUMAN
DGUOK_HUMAN,RRP7A_HUMAN
DGUOK_HUMAN,STOM_HUMAN
DGUOK_HUMAN,PBIR1_HUMAN
DGUOK_HUMAN,XPA_HUMAN
DGUOK_HUMAN,RL6_HUMAN
SDHB_HUMAN,A0A1B0GV17_HUMAN
SDHB_HUMAN,A0A2R8YCJ4_HUMAN
SDHB_HUMAN,A0A024QZT0_HUMAN
SDHB_HUMAN,ELMD2_HUMAN
SDHB_HUMAN,CNOT8_HUMAN
SDHB_HUMAN,NT2NC_HUMAN
ABCD3_HUMAN,FGD2_HUMAN
ABCD3_HUMAN,A0A0S2Z4N6_HUMAN
ABCD3_HUMAN,A0A0A0MTH5_HUMAN
ABCD3_HUMAN,A0A384MTS1_HUMAN
ABCD3_HUMAN,A0A384P5G6_HUMAN
ABCD3_HUMAN,A0A024R2L1_HUMAN
MTMR1_HUMAN,DDX43_HUMAN
MTMR1_HUMAN,TBC25_HUMAN
MTMR1_HUMAN,AGRF4_HUMAN
MTMR1_HUMAN,EREP3_HUMAN
MTMR1_HUMAN,E9PEB5_HUMAN
MTMR1_HUMAN,FXRD2_HUMAN
DUS16_HUMAN,TSG10_HUMAN
DUS16_HUMAN,UBS3B_HUMAN
DUS16_HUMAN,ZMYM5_HUMAN
DUS16_HUMAN,THOP1_HUMAN
DUS16_HUMAN,B7ZBM3_HUMAN
DUS16_HUMAN,SYBU_HUMAN
PADI2_HUMAN,ZN540_HUMAN
PADI2_HUMAN,C1QR1_HUMAN
PADI2_HUMAN,L7RRS6_HUMAN
PADI2_HUMAN,ARBK2_HUMAN
PADI2_HUMAN,A0A7P0TAE0_HUMAN
PADI2_HUMAN,C9JLG1_HUMAN
MMP2_HUMAN,MTMR7_HUMAN
MMP2_HUMAN,SPG16_HUMAN
MMP2_HUMAN,A0A087X1X7_HUMAN
MMP2_HUMAN,K2C3_HUMAN
MMP2_HUMAN,NET4_HUMAN
MMP2_HUMAN,G3V153_HUMAN
MTMR7_HUMAN,PMGT1_HUMAN
MTMR7_HUMAN,TRI18_HUMAN
MTMR7_HUMAN,WDR48_HUMAN
MTMR7_HUMAN,DREB_HUMAN
MTMR7_HUMAN,KIF22_HUMAN
MTMR7_HUMAN,IDUA_HUMAN
LOX15_HUMAN,PABP1_HUMAN
LOX15_HUMAN,PADI4_HUMAN
LOX15_HUMAN,GALT3_HUMAN
LOX15_HUMAN,HS71B_HUMAN
LOX15_HUMAN,LRWD1_HUMAN
LOX15_HUMAN,PPWD1_HUMAN
DP13B_HUMAN,SC5A2_HUMAN
DP13B_HUMAN,KCNQ1_HUMAN
DP13B_HUMAN,ANM5_HUMAN
DP13B_HUMAN,ZBED1_HUMAN
DP13B_HUMAN,TFE2_HUMAN
DP13B_HUMAN,NCKX3_HUMAN
GGT7_HUMAN,KCC2B_HUMAN
GGT7_HUMAN,DDX3X_HUMAN
GGT7_HUMAN,FERM2_HUMAN
GGT7_HUMAN,FOXO3_HUMAN
GGT7_HUMAN,HNF1A_HUMAN
GGT7_HUMAN,E2AK1_HUMAN
LOX5_HUMAN,FBX43_HUMAN
LOX5_HUMAN,AHRR_HUMAN
LOX5_HUMAN,A0A024R0K5_HUMAN
LOX5_HUMAN,A0A0A6YYC0_HUMAN
LOX5_HUMAN,A0A0B4J211_HUMAN
LOX5_HUMAN,A0A669KB49_HUMAN
GLE1_HUMAN,A2ABH1_HUMAN
GLE1_HUMAN,A0A1B0GV48_HUMAN
GLE1_HUMAN,MYORG_HUMAN
GLE1_HUMAN,A0A087WX20_HUMAN
GLE1_HUMAN,A0A8I5KQQ5_HUMAN
GLE1_HUMAN,A0A7I2V4F0_HUMAN
ACSL1_HUMAN,KELL_HUMAN
ACSL1_HUMAN,CC170_HUMAN
ACSL1_HUMAN,HNRPM_HUMAN
ACSL1_HUMAN,STT3A_HUMAN
ACSL1_HUMAN,BCL6_HUMAN
ACSL1_HUMAN,INT10_HUMAN
SF01_HUMAN,RTKN2_HUMAN
SF01_HUMAN,A0A0A0MSW9_HUMAN
SF01_HUMAN,ZN276_HUMAN
SF01_HUMAN,5NT1B_HUMAN
SF01_HUMAN,A0A7P0TAG1_HUMAN
SF01_HUMAN,A0A6Q8PHJ9_HUMAN
PLPP2_HUMAN,C9K0E8_HUMAN
PLPP2_HUMAN,B7Z8V7_HUMAN
PLPP2_HUMAN,A0A590UJ73_HUMAN
PLPP2_HUMAN,A0A0C4DGF1_HUMAN
PLPP2_HUMAN,A0A2R8Y6Q6_HUMAN
PLPP2_HUMAN,A0A6Q8PGZ3_HUMAN
ADT1_HUMAN,A0A140VJU2_HUMAN
ADT1_HUMAN,UNG_HUMAN
ADT1_HUMAN,FOXR2_HUMAN
ADT1_HUMAN,H0YJH0_HUMAN
ADT1_HUMAN,A0A384MTT5_HUMAN
ADT1_HUMAN,TYSY_HUMAN
CACP_HUMAN,Q5RI18_HUMAN
CACP_HUMAN,A0A7I2V5W9_HUMAN
CACP_HUMAN,GLTL6_HUMAN
CACP_HUMAN,DDX52_HUMAN
CACP_HUMAN,A0A0D9SGD6_HUMAN
CACP_HUMAN,A0A8I5KS01_HUMAN
ARH_HUMAN,A0A0S2Z5U6_HUMAN
ARH_HUMAN,A0A0U3FYV6_HUMAN
ARH_HUMAN,TM165_HUMAN
ARH_HUMAN,E5RHS5_HUMAN
ARH_HUMAN,AKCL2_HUMAN
ARH_HUMAN,A0A3B3IRW9_HUMAN
GDF15_HUMAN,MRGX1_HUMAN
GDF15_HUMAN,GGH_HUMAN
GDF15_HUMAN,SKAP_HUMAN
GDF15_HUMAN,YBOX1_HUMAN
GDF15_HUMAN,ANXA5_HUMAN
GDF15_HUMAN,D6REE5_HUMAN
AK1BF_HUMAN,LDHC_HUMAN
AK1BF_HUMAN,AB17C_HUMAN
AK1BF_HUMAN,CC038_HUMAN
AK1BF_HUMAN,A0A0A0MQS7_HUMAN
AK1BF_HUMAN,A0A8I5KRH9_HUMAN
AK1BF_HUMAN,A0A140VJF3_HUMAN
AK1BA_HUMAN,ALX1_HUMAN
AK1BA_HUMAN,Q53X93_HUMAN
AK1BA_HUMAN,SCAM2_HUMAN
AK1BA_HUMAN,HEM2_HUMAN
AK1BA_HUMAN,C9IYG1_HUMAN
AK1BA_HUMAN,CIA30_HUMAN
EIF3G_HUMAN,SNPC2_HUMAN
EIF3G_HUMAN,A0A2R8Y4T4_HUMAN
EIF3G_HUMAN,ARG39_HUMAN
EIF3G_HUMAN,MOGT2_HUMAN
EIF3G_HUMAN,WDR5_HUMAN
EIF3G_HUMAN,ELMD1_HUMAN
M3K7_HUMAN,A0A140VJY6_HUMAN
M3K7_HUMAN,F1D8P2_HUMAN
M3K7_HUMAN,A0A0D9SG72_HUMAN
M3K7_HUMAN,I6QTG3_HUMAN
M3K7_HUMAN,A0A7P0T8B5_HUMAN
M3K7_HUMAN,A0A0U1RRM1_HUMAN
EST2_HUMAN,A0A7I2V2X6_HUMAN
EST2_HUMAN,A0A7N4I3A3_HUMAN
EST2_HUMAN,A0A087X1Q5_HUMAN
EST2_HUMAN,A0A3B3IUD2_HUMAN
EST2_HUMAN,INO1_HUMAN
EST2_HUMAN,A0A087WUY7_HUMAN
GLPK_HUMAN,H0YAY0_HUMAN
GLPK_HUMAN,F5H324_HUMAN
GLPK_HUMAN,J3KNN7_HUMAN
GLPK_HUMAN,G3V1A6_HUMAN
GLPK_HUMAN,F234A_HUMAN
GLPK_HUMAN,K2C6B_HUMAN
AAPK1_HUMAN,X5D299_HUMAN
AAPK1_HUMAN,W6CJ52_HUMAN
AAPK1_HUMAN,ZNF69_HUMAN
AAPK1_HUMAN,ZN768_HUMAN
AAPK1_HUMAN,SMOX_HUMAN
AAPK1_HUMAN,NTNG1_HUMAN
GGT1_HUMAN,EHD2_HUMAN
GGT1_HUMAN,NXP20_HUMAN
GGT1_HUMAN,E7EV03_HUMAN
GGT1_HUMAN,GALT1_HUMAN
GGT1_HUMAN,E7EQM5_HUMAN
GGT1_HUMAN,KCNN1_HUMAN
MBD4_HUMAN,PRIPO_HUMAN
MBD4_HUMAN,ATPA_HUMAN
MBD4_HUMAN,CDC6_HUMAN
MBD4_HUMAN,S38A9_HUMAN
MBD4_HUMAN,TGFR2_HUMAN
MBD4_HUMAN,CBX4_HUMAN
ABHGA_HUMAN,PI51B_HUMAN
ABHGA_HUMAN,E9PDI4_HUMAN
ABHGA_HUMAN,G3V167_HUMAN
ABHGA_HUMAN,PA24C_HUMAN
ABHGA_HUMAN,THAS_HUMAN
ABHGA_HUMAN,A0A7P0T868_HUMAN
G6PI_HUMAN,PARP3_HUMAN
G6PI_HUMAN,TPTE_HUMAN
G6PI_HUMAN,OGFD1_HUMAN
G6PI_HUMAN,NR5A2_HUMAN
G6PI_HUMAN,CP1B1_HUMAN
G6PI_HUMAN,ACBD5_HUMAN
G3P_HUMAN,A0A5F9UJX7_HUMAN
G3P_HUMAN,A0A087WU26_HUMAN
G3P_HUMAN,A0A2R8YES3_HUMAN
G3P_HUMAN,A0A384MTY4_HUMAN
G3P_HUMAN,A0A2R8Y6L6_HUMAN
G3P_HUMAN,A0A8I5KQW2_HUMAN
DPOLB_HUMAN,A0A2R8Y5D3_HUMAN
DPOLB_HUMAN,OR1E3_HUMAN
DPOLB_HUMAN,GALM_HUMAN
DPOLB_HUMAN,TRIB2_HUMAN
DPOLB_HUMAN,R4GMV1_HUMAN
DPOLB_HUMAN,PAX4_HUMAN
NEIL2_HUMAN,CAPG_HUMAN
NEIL2_HUMAN,SCRT1_HUMAN
NEIL2_HUMAN,OXDA_HUMAN
NEIL2_HUMAN,B4GT4_HUMAN
NEIL2_HUMAN,KHDR3_HUMAN
NEIL2_HUMAN,MO2R1_HUMAN
MARC2_HUMAN,MBIP1_HUMAN
MARC2_HUMAN,FPR1_HUMAN
MARC2_HUMAN,XRP2_HUMAN
MARC2_HUMAN,ATF4_HUMAN
MARC2_HUMAN,HPF1_HUMAN
MARC2_HUMAN,DNJB1_HUMAN
E2AK2_HUMAN,MEPE_HUMAN
E2AK2_HUMAN,A0A5F9ZHN2_HUMAN
E2AK2_HUMAN,A0A0S2Z457_HUMAN
E2AK2_HUMAN,A0A087WYX0_HUMAN
E2AK2_HUMAN,A0A1B0GWI5_HUMAN
E2AK2_HUMAN,A0A7P0Z472_HUMAN
DXO_HUMAN,A0A7I2V5Z6_HUMAN
DXO_HUMAN,H0Y8E2_HUMAN
DXO_HUMAN,EFC4A_HUMAN
DXO_HUMAN,3BP5L_HUMAN
DXO_HUMAN,TUFT1_HUMAN
DXO_HUMAN,A0A090N7T4_HUMAN
CXG1_HUMAN,KT33B_HUMAN
CXG1_HUMAN,BROX_HUMAN
CXG1_HUMAN,K7EJU9_HUMAN
CXG1_HUMAN,C9JYJ8_HUMAN
CXG1_HUMAN,DPF1_HUMAN
CXG1_HUMAN,E9PC90_HUMAN
THIM_HUMAN,CBPB1_HUMAN
THIM_HUMAN,E9PM00_HUMAN
THIM_HUMAN,Q6IAX1_HUMAN
THIM_HUMAN,LLR1_HUMAN
THIM_HUMAN,Q5T6W2_HUMAN
THIM_HUMAN,G137A_HUMAN
SNIP1_HUMAN,ZN787_HUMAN
SNIP1_HUMAN,ACADS_HUMAN
SNIP1_HUMAN,UBL7_HUMAN
SNIP1_HUMAN,S5FZ81_HUMAN
SNIP1_HUMAN,PGTB1_HUMAN
SNIP1_HUMAN,ZN684_HUMAN
VEGFA_HUMAN,A0A7P0TBP9_HUMAN
VEGFA_HUMAN,CHST4_HUMAN
VEGFA_HUMAN,H7C1M0_HUMAN
VEGFA_HUMAN,A0A5F9ZI09_HUMAN
VEGFA_HUMAN,CHSTE_HUMAN
VEGFA_HUMAN,SHLB2_HUMAN
ASAH1_HUMAN,LDH6B_HUMAN
ASAH1_HUMAN,TS101_HUMAN
ASAH1_HUMAN,PRELP_HUMAN
ASAH1_HUMAN,BCAT2_HUMAN
ASAH1_HUMAN,ACTZ_HUMAN
ASAH1_HUMAN,SPB10_HUMAN
CHKB_HUMAN,GNA12_HUMAN
CHKB_HUMAN,ABD12_HUMAN
CHKB_HUMAN,SIRPG_HUMAN
CHKB_HUMAN,CAVN1_HUMAN
CHKB_HUMAN,SPB3_HUMAN
CHKB_HUMAN,E9PF18_HUMAN
DUS4_HUMAN,B8ZZD3_HUMAN
DUS4_HUMAN,H7C2X4_HUMAN
DUS4_HUMAN,H0Y3S0_HUMAN
DUS4_HUMAN,RAD9A_HUMAN
DUS4_HUMAN,PI2R_HUMAN
DUS4_HUMAN,Q96J85_HUMAN
CERS4_HUMAN,NEIL1_HUMAN
CERS4_HUMAN,ANM6_HUMAN
CERS4_HUMAN,ATG4A_HUMAN
CERS4_HUMAN,ACTS_HUMAN
CERS4_HUMAN,ILF2_HUMAN
CERS4_HUMAN,COX15_HUMAN
BGAT_HUMAN,SIA8D_HUMAN
BGAT_HUMAN,I3L0A0_HUMAN
BGAT_HUMAN,A0A024RBH9_HUMAN
BGAT_HUMAN,A8K058_HUMAN
BGAT_HUMAN,A0A2R8YF43_HUMAN
BGAT_HUMAN,LFTY1_HUMAN
PON3_HUMAN,H7C1Y7_HUMAN
PON3_HUMAN,PRLHR_HUMAN
PON3_HUMAN,P2RY8_HUMAN
PON3_HUMAN,HRH2_HUMAN
PON3_HUMAN,LUC7L_HUMAN
PON3_HUMAN,KR106_HUMAN
PON2_HUMAN,SEPT2_HUMAN
PON2_HUMAN,GMDS_HUMAN
PON2_HUMAN,IST1_HUMAN
PON2_HUMAN,SETD7_HUMAN
PON2_HUMAN,TM129_HUMAN
PON2_HUMAN,A0A384N6H6_HUMAN
VP37C_HUMAN,CCD34_HUMAN
VP37C_HUMAN,PAR6B_HUMAN
VP37C_HUMAN,SEPT5_HUMAN
VP37C_HUMAN,LPAR1_HUMAN
VP37C_HUMAN,RBM4_HUMAN
VP37C_HUMAN,DRG1_HUMAN
ABD12_HUMAN,ANR61_HUMAN
ABD12_HUMAN,TEKT1_HUMAN
ABD12_HUMAN,H3BNH2_HUMAN
ABD12_HUMAN,PTN2_HUMAN
ABD12_HUMAN,ZN114_HUMAN
ABD12_HUMAN,H0Y3Z3_HUMAN
P53_HUMAN,PGFRL_HUMAN
P53_HUMAN,PISD_HUMAN
P53_HUMAN,H1UBN3_HUMAN
P53_HUMAN,A0A0C4DGR2_HUMAN
P53_HUMAN,PDK2_HUMAN
P53_HUMAN,SIA7B_HUMAN
B4GT1_HUMAN,TIA1_HUMAN
B4GT1_HUMAN,GDN_HUMAN
B4GT1_HUMAN,WN10A_HUMAN
B4GT1_HUMAN,PPAP_HUMAN
B4GT1_HUMAN,PO4F2_HUMAN
B4GT1_HUMAN,TBC20_HUMAN
B4GT3_HUMAN,MAPK2_HUMAN
B4GT3_HUMAN,GATA1_HUMAN
B4GT3_HUMAN,P53_HUMAN
B4GT3_HUMAN,VEGFA_HUMAN
B4GT3_HUMAN,FOS_HUMAN
B4GT3_HUMAN,TGFB3_HUMAN
CALR_HUMAN,A0A0S2Z3P9_HUMAN
CALR_HUMAN,A0A7I2YQN9_HUMAN
CALR_HUMAN,A0A024RCM3_HUMAN
CALR_HUMAN,GPR83_HUMAN
CALR_HUMAN,A0A0A0MQU0_HUMAN
CALR_HUMAN,CLNK_HUMAN
PGK1_HUMAN,P78365_HUMAN
PGK1_HUMAN,FXL20_HUMAN
PGK1_HUMAN,IGS11_HUMAN
PGK1_HUMAN,GPR22_HUMAN
PGK1_HUMAN,H0Y5W8_HUMAN
PGK1_HUMAN,ING1_HUMAN
ARRB1_HUMAN,TNR16_HUMAN
ARRB1_HUMAN,S67A1_HUMAN
ARRB1_HUMAN,PHAG1_HUMAN
ARRB1_HUMAN,J3QSV6_HUMAN
ARRB1_HUMAN,CXG2_HUMAN
ARRB1_HUMAN,ENOG_HUMAN
BAAT_HUMAN,THIK_HUMAN
BAAT_HUMAN,HDAC3_HUMAN
BAAT_HUMAN,SC65_HUMAN
BAAT_HUMAN,SF3B4_HUMAN
BAAT_HUMAN,ACOT4_HUMAN
BAAT_HUMAN,AACT_HUMAN
GSK3B_HUMAN,A0A087WZ09_HUMAN
GSK3B_HUMAN,A0A140VK70_HUMAN
GSK3B_HUMAN,A0A804HHU6_HUMAN
GSK3B_HUMAN,EVA1C_HUMAN
GSK3B_HUMAN,G3V4F7_HUMAN
GSK3B_HUMAN,TET5A_HUMAN
NEMO_HUMAN,KCNJ5_HUMAN
NEMO_HUMAN,KCNN4_HUMAN
NEMO_HUMAN,TYY1_HUMAN
NEMO_HUMAN,ACADM_HUMAN
NEMO_HUMAN,HEMH_HUMAN
NEMO_HUMAN,TRNT1_HUMAN
ACL6A_HUMAN,A0A1W2PR08_HUMAN
ACL6A_HUMAN,A0A087X0W8_HUMAN
ACL6A_HUMAN,A0A2R8YFL3_HUMAN
ACL6A_HUMAN,Q96B65_HUMAN
ACL6A_HUMAN,A0A7P0TA47_HUMAN
ACL6A_HUMAN,CC112_HUMAN
WT1_HUMAN,A0A090N8F8_HUMAN
WT1_HUMAN,CTSR4_HUMAN
WT1_HUMAN,A0A0A0MQU4_HUMAN
WT1_HUMAN,Q5U0Q1_HUMAN
WT1_HUMAN,A0A286YFA6_HUMAN
WT1_HUMAN,A0A024R2I8_HUMAN
CMPK2_HUMAN,GPR39_HUMAN
CMPK2_HUMAN,K1C27_HUMAN
CMPK2_HUMAN,Q5T6X2_HUMAN
CMPK2_HUMAN,HSP13_HUMAN
CMPK2_HUMAN,KREM2_HUMAN
CMPK2_HUMAN,A0A0C4DGS2_HUMAN
BECN1_HUMAN,A0A286YF62_HUMAN
BECN1_HUMAN,KREM1_HUMAN
BECN1_HUMAN,A0A2R8Y3N3_HUMAN
BECN1_HUMAN,SSF1_HUMAN
BECN1_HUMAN,NSUN6_HUMAN
BECN1_HUMAN,ASB10_HUMAN
INP5K_HUMAN,NPT1_HUMAN
INP5K_HUMAN,GFRA2_HUMAN
INP5K_HUMAN,CR3L3_HUMAN
INP5K_HUMAN,HTRA3_HUMAN
INP5K_HUMAN,T151A_HUMAN
INP5K_HUMAN,PROP_HUMAN
TINF2_HUMAN,G1UCX3_HUMAN
TINF2_HUMAN,SF3A2_HUMAN
TINF2_HUMAN,A0A7I2V5K0_HUMAN
TINF2_HUMAN,CDK18_HUMAN
TINF2_HUMAN,H0YML5_HUMAN
TINF2_HUMAN,STF1_HUMAN
IDHP_HUMAN,S29A3_HUMAN
IDHP_HUMAN,A0A024R5F7_HUMAN
IDHP_HUMAN,B4DKA4_HUMAN
IDHP_HUMAN,TBE_HUMAN
IDHP_HUMAN,A0A8I5KU46_HUMAN
IDHP_HUMAN,A0A0C4DGW3_HUMAN
MOCS3_HUMAN,A0A0A0MRY2_HUMAN
MOCS3_HUMAN,EDIL3_HUMAN
MOCS3_HUMAN,6PGD_HUMAN
MOCS3_HUMAN,A0A087X0U9_HUMAN
MOCS3_HUMAN,A0A1B0GWJ0_HUMAN
MOCS3_HUMAN,UMPS_HUMAN
SMAD1_HUMAN,CELF5_HUMAN
SMAD1_HUMAN,SCHI1_HUMAN
SMAD1_HUMAN,A0A494BZU6_HUMAN
SMAD1_HUMAN,B8ZZ60_HUMAN
SMAD1_HUMAN,A0A804HJQ7_HUMAN
SMAD1_HUMAN,D3YJ43_HUMAN
