mf_id,num_candidates,candidates
ABCA3_HUMAN,1,XRN1_HUMAN
PLCB1_HUMAN,1,A0A2R8YDE6_HUMAN
SYLC_HUMAN,1,LATS1_HUMAN
NUP93_HUMAN,1,GELS_HUMAN
PLPL9_HUMAN,1,A0A7P0TAW3_HUMAN
HES1_HUMAN,1,DHI1_HUMAN
LOX12_HUMAN,1,TRI25_HUMAN
TECT3_HUMAN,1,EDEM2_HUMAN
ASNS_HUMAN,1,RPE65_HUMAN
NOTC1_HUMAN,2,"TASO2_HUMAN,ABCA2_HUMAN"
MRP2_HUMAN,2,"A6NMQ1_HUMAN,SNPC4_HUMAN"
CDHR2_HUMAN,2,"F8VXC8_HUMAN,A0A087WYF6_HUMAN"
AASS_HUMAN,2,"SH3R1_HUMAN,SH3R3_HUMAN"
NUBP1_HUMAN,2,"CSN5_HUMAN,BT3A2_HUMAN"
CC14A_HUMAN,2,"DONS_HUMAN,CPEB1_HUMAN"
BIN1_HUMAN,2,"K2C6A_HUMAN,DPYL5_HUMAN"
DUOX2_HUMAN,3,"NLRP1_HUMAN,A0A3B3ISE6_HUMAN,E9PGC5_HUMAN"
MRP1_HUMAN,3,"FANCA_HUMAN,A0A2R8YGG3_HUMAN,MAGI2_HUMAN"
MICA1_HUMAN,3,"PARP1_HUMAN,H7C5T8_HUMAN,A0A8I5KS77_HUMAN"
DHX36_HUMAN,3,"RRP44_HUMAN,SLIK5_HUMAN,DSE_HUMAN"
SDCB1_HUMAN,3,"WDR82_HUMAN,RN126_HUMAN,S2536_HUMAN"
CDK12_HUMAN,4,"B7ZLR4_HUMAN,PLCH2_HUMAN,BLM_HUMAN,UACA_HUMAN"
MRP4_HUMAN,4,"AUTS2_HUMAN,TPC10_HUMAN,ITPI2_HUMAN,E9PRF4_HUMAN"
PFKAM_HUMAN,4,"IKKA_HUMAN,ADA10_HUMAN,TRIM3_HUMAN,Q9HAB4_HUMAN"
INP5E_HUMAN,4,"E7ET46_HUMAN,AIFM1_HUMAN,COG8_HUMAN,GGA2_HUMAN"
RPB1_HUMAN,5,"CAC1S_HUMAN,J3KPG5_HUMAN,A0A8I5KUE4_HUMAN,ANK1_HUMAN,RGPA2_HUMAN"
A2MG_HUMAN,5,"DISP2_HUMAN,EDC4_HUMAN,KDM6A_HUMAN,CND1_HUMAN,H0YNH8_HUMAN"
NLRP1_HUMAN,5,"A0A804HLG8_HUMAN,F5H748_HUMAN,E7EVG6_HUMAN,RON_HUMAN,SCAPE_HUMAN"
FANCA_HUMAN,5,"PKHG1_HUMAN,PALLD_HUMAN,Q5JYA6_HUMAN,CEIP2_HUMAN,CNTP1_HUMAN"
HLTF_HUMAN,5,"LONM_HUMAN,XYLT1_HUMAN,A0A6Q8PGE8_HUMAN,J3KQH6_HUMAN,GT2D1_HUMAN"
SMBP2_HUMAN,5,"V9HWJ0_HUMAN,A0A2R8Y438_HUMAN,E9PR38_HUMAN,GANAB_HUMAN,UN45A_HUMAN"
A7UKY0_HUMAN,5,"HHEX_HUMAN,KCIP2_HUMAN,TIGAR_HUMAN,SPI1_HUMAN,TSN17_HUMAN"
P3C2G_HUMAN,6,"SNED1_HUMAN,FHAD1_HUMAN,A0A6Q8PFY3_HUMAN,MIA2_HUMAN,ERBIN_HUMAN,F8W9S7_HUMAN"
PK3CA_HUMAN,6,"E9PK67_HUMAN,CND3_HUMAN,SMG5_HUMAN,PTPR2_HUMAN,SKOR2_HUMAN,MAML1_HUMAN"
SRPK2_HUMAN,6,"SARM1_HUMAN,P85A_HUMAN,LARP4_HUMAN,H0YB16_HUMAN,HS90B_HUMAN,DLG4_HUMAN"
HSP7C_HUMAN,6,"ZN653_HUMAN,DDX5_HUMAN,FA12_HUMAN,NUB1_HUMAN,MSL1_HUMAN,A0A0D2X7Z3_HUMAN"
FAS_HUMAN,6,"A0A804HID9_HUMAN,FILA2_HUMAN,A0A804HLC5_HUMAN,A0A087WYQ1_HUMAN,RP1L1_HUMAN,SPTN2_HUMAN"
ERBB3_HUMAN,6,"GAK_HUMAN,ARGAL_HUMAN,CLU_HUMAN,RAD50_HUMAN,AFF2_HUMAN,AMRA1_HUMAN"
ARNT_HUMAN,6,"STAT1_HUMAN,MUTA_HUMAN,POMT2_HUMAN,A0A6Q8PGB2_HUMAN,NEP_HUMAN,FOLH1_HUMAN"
MET16_HUMAN,6,"NECT2_HUMAN,CARD9_HUMAN,EHD3_HUMAN,SAMD1_HUMAN,GBA1_HUMAN,SSDH_HUMAN"
FPPS_HUMAN,6,"GORS1_HUMAN,ETS1_HUMAN,GBRP_HUMAN,UBP27_HUMAN,PAFA_HUMAN,NUSAP_HUMAN"
NU214_HUMAN,6,"TANC2_HUMAN,FYV1_HUMAN,SCN9A_HUMAN,EXPH5_HUMAN,TRIPC_HUMAN,E9PN67_HUMAN"
CFTR_HUMAN,6,"RIMS2_HUMAN,RRBP1_HUMAN,TCPR2_HUMAN,POGZ_HUMAN,TENS2_HUMAN,ZN609_HUMAN"
MDR1_HUMAN,6,"A0A8I5QKT2_HUMAN,A0A6Q8PGW3_HUMAN,SF3B3_HUMAN,AT135_HUMAN,SMC3_HUMAN,Q05331_HUMAN"
RL22_HUMAN,6,"IL5_HUMAN,ZN593_HUMAN,SYUB_HUMAN,CCL21_HUMAN,D6RIS4_HUMAN,O15202_HUMAN"
ZO2_HUMAN,6,"M18BP_HUMAN,TERT_HUMAN,BAG6_HUMAN,AT11C_HUMAN,JAK2_HUMAN,SAC2_HUMAN"
TIMP1_HUMAN,6,"RB39A_HUMAN,GRB2_HUMAN,HAND2_HUMAN,RL10A_HUMAN,COQ7_HUMAN,HOP2_HUMAN"
TGM2_HUMAN,6,"ECHP_HUMAN,GGA3_HUMAN,LRSM1_HUMAN,BBS10_HUMAN,ES8L1_HUMAN,VPS52_HUMAN"
HS71B_HUMAN,6,"MEN1_HUMAN,LYAM2_HUMAN,PDE12_HUMAN,PO6F1_HUMAN,KAT7_HUMAN,KLH20_HUMAN"
TEP1_HUMAN,6,"H0Y465_HUMAN,FAS_HUMAN,CAC1A_HUMAN,ZN462_HUMAN,C9J0Q5_HUMAN,A0A0U1RQF0_HUMAN"
LRRK2_HUMAN,6,"H3BTW3_HUMAN,A0A1B0GTJ8_HUMAN,SON_HUMAN,SPTA1_HUMAN,ZEP3_HUMAN,EP300_HUMAN"
DUOX1_HUMAN,6,"NRX1A_HUMAN,AGRL1_HUMAN,A0A804HKJ9_HUMAN,E9PFH2_HUMAN,NU153_HUMAN,A2MG_HUMAN"
NU153_HUMAN,6,"A0A804HIN4_HUMAN,BIRC1_HUMAN,A0A7P0Z436_HUMAN,UBP6_HUMAN,CE162_HUMAN,A0A087WW76_HUMAN"
PASK_HUMAN,6,"IRS4_HUMAN,L1CAM_HUMAN,ARI4A_HUMAN,LIPA2_HUMAN,F5GYF8_HUMAN,STAG1_HUMAN"
ZO3_HUMAN,6,"UBE3A_HUMAN,IMB1_HUMAN,STPAP_HUMAN,ENPP3_HUMAN,S4A11_HUMAN,PDE5A_HUMAN"
MRP3_HUMAN,6,"CCD18_HUMAN,FACD2_HUMAN,H7C1M2_HUMAN,MED14_HUMAN,LRRC9_HUMAN,A2ML1_HUMAN"
RAB6A_HUMAN,6,"ZBED2_HUMAN,TAF10_HUMAN,RB27B_HUMAN,SCN1B_HUMAN,CLD5_HUMAN,RB11B_HUMAN"
NSD1_HUMAN,6,"MY18B_HUMAN,E9PEM5_HUMAN,STAB1_HUMAN,A0A804HK76_HUMAN,ZFHX2_HUMAN,CHD8_HUMAN"
DUS28_HUMAN,6,"H0YBC7_HUMAN,DUS3_HUMAN,CCD32_HUMAN,REL2_HUMAN,IFT22_HUMAN,ADML_HUMAN"
PR40A_HUMAN,6,"A0A140VK49_HUMAN,PIDD1_HUMAN,A0A3B3ITZ9_HUMAN,A0A1B0GTU7_HUMAN,AGRF1_HUMAN,H0Y8X6_HUMAN"
PRDX6_HUMAN,6,"TMED9_HUMAN,TCAM2_HUMAN,MIC25_HUMAN,DERL3_HUMAN,SWI5_HUMAN,NAA10_HUMAN"
TYB4_HUMAN,6,"TB15B_HUMAN,SEHBP_HUMAN,F2Z2Z9_HUMAN,E5RGR5_HUMAN,X6RKQ2_HUMAN,C9JM62_HUMAN"
RN213_HUMAN,6,"A0A075B730_HUMAN,MUC2_HUMAN,ABCAD_HUMAN,USH2A_HUMAN,MUC4_HUMAN,RYR2_HUMAN"
HD_HUMAN,6,"A0A088AWP5_HUMAN,CELR1_HUMAN,BPTF_HUMAN,RBP2_HUMAN,KALRN_HUMAN,A0A6I8PRU0_HUMAN"
MT3_HUMAN,6,"SNURF_HUMAN,B1AKA9_HUMAN,A0A087WUW1_HUMAN,J3QRD7_HUMAN,Q13731_HUMAN,K7ESL1_HUMAN"
SKI2_HUMAN,6,"PCD12_HUMAN,A0A804HJ75_HUMAN,PLCB2_HUMAN,LIPA4_HUMAN,ERCC5_HUMAN,PALB2_HUMAN"
MT1E_HUMAN,6,"KR213_HUMAN,C9J0S9_HUMAN,C9JDC5_HUMAN,MT1G_HUMAN,KR196_HUMAN,SHMOS_HUMAN"
NED4L_HUMAN,6,"DEN2C_HUMAN,RB_HUMAN,GBA2_HUMAN,BCAS3_HUMAN,A0A5F9ZGX9_HUMAN,NIBA1_HUMAN"
DB114_HUMAN,6,"SPR2F_HUMAN,GBG12_HUMAN,F5H1P9_HUMAN,SPR2A_HUMAN,E9PS26_HUMAN,M0R1W4_HUMAN"
KAT6B_HUMAN,6,"A0A6Q8PGB0_HUMAN,H0YJS3_HUMAN,E9PHB6_HUMAN,RPB1_HUMAN,C8AP2_HUMAN,CAC1F_HUMAN"
RRP44_HUMAN,6,"H0Y3R4_HUMAN,A0A8I5KRB5_HUMAN,KCNB2_HUMAN,ACTN4_HUMAN,MAN1_HUMAN,E2F7_HUMAN"
MARK2_HUMAN,6,"APBA2_HUMAN,SEM3B_HUMAN,PHEX_HUMAN,RFX3_HUMAN,PA24A_HUMAN,E9PLP8_HUMAN"
NR4A1_HUMAN,6,"MMP21_HUMAN,AAKG2_HUMAN,F5H5U2_HUMAN,SPT16_HUMAN,IL1R1_HUMAN,RABE2_HUMAN"
CRYAB_HUMAN,6,"GREM1_HUMAN,B8ZZ93_HUMAN,RAP1A_HUMAN,HDBP1_HUMAN,RHEB_HUMAN,ARL2_HUMAN"
LKHA4_HUMAN,6,"PYRD2_HUMAN,A0A6Q8PHL9_HUMAN,A0A494C0Q6_HUMAN,GLT12_HUMAN,SL9A8_HUMAN,FZD10_HUMAN"
FLNA_HUMAN,6,"USP9X_HUMAN,Q17RV3_HUMAN,ZFY26_HUMAN,STAB2_HUMAN,PIEZ1_HUMAN,NOTC1_HUMAN"
SETBP_HUMAN,6,"DOT1L_HUMAN,CLAP1_HUMAN,NFAT5_HUMAN,TOPB1_HUMAN,A0A3B3IT25_HUMAN,SLIT3_HUMAN"
PPAC_HUMAN,6,"UB2G2_HUMAN,HES5_HUMAN,PPIA_HUMAN,PPIL1_HUMAN,COF1_HUMAN,THIOM_HUMAN"
PUR2_HUMAN,6,"H3BP71_HUMAN,B7Z2R1_HUMAN,A0A8I5KRN0_HUMAN,A0A6Q8PF33_HUMAN,B1AKL4_HUMAN,RBM19_HUMAN"
BRSK1_HUMAN,6,"A4FUA6_HUMAN,NALD2_HUMAN,ABCD2_HUMAN,C9JMN1_HUMAN,DAXX_HUMAN,POLI_HUMAN"
FGF2_HUMAN,6,"ORAI1_HUMAN,NKX26_HUMAN,CHIP_HUMAN,CDK4_HUMAN,KLF7_HUMAN,GIMA7_HUMAN"
POTE1_HUMAN,6,"MTM1_HUMAN,GLT10_HUMAN,HAUS3_HUMAN,E9PIN3_HUMAN,GALT9_HUMAN,NR2C1_HUMAN"
TRI15_HUMAN,6,"ZDHC1_HUMAN,NOE1_HUMAN,KMO_HUMAN,CELF1_HUMAN,HCLS1_HUMAN,SRMS_HUMAN"
PI5PA_HUMAN,6,"MDGA2_HUMAN,C9J7E5_HUMAN,DRP2_HUMAN,AMPE_HUMAN,ZHX3_HUMAN,A0A158RFW1_HUMAN"
NF2L2_HUMAN,6,"POC5_HUMAN,TFE3_HUMAN,P2R3B_HUMAN,A0A6Q8PFM9_HUMAN,APBA3_HUMAN,TRBM_HUMAN"
ENOA_HUMAN,6,"MYC_HUMAN,GBRA1_HUMAN,RUNX1_HUMAN,BCL3_HUMAN,GUAD_HUMAN,PRUN1_HUMAN"
DFB4A_HUMAN,6,"A0A0A0MRK5_HUMAN,H0YNX7_HUMAN,H0YCZ6_HUMAN,GBG13_HUMAN,C9JAK9_HUMAN,D103A_HUMAN"
PLCG2_HUMAN,6,"XPO5_HUMAN,INT2_HUMAN,H7C2C6_HUMAN,A0A8I5KXH8_HUMAN,LIPA1_HUMAN,HCN4_HUMAN"
SRC_HUMAN,6,"FBX15_HUMAN,K4PZ75_HUMAN,A0A0S2Z592_HUMAN,A0A7P0T843_HUMAN,A0A0S2Z4C3_HUMAN,TOE1_HUMAN"
TNKS1_HUMAN,6,"Q5VZU9_HUMAN,A0A7I2V4R5_HUMAN,A0A804HL87_HUMAN,SYIC_HUMAN,SGO2_HUMAN,PLCG2_HUMAN"
PTPR2_HUMAN,6,"PTPRN_HUMAN,KIT_HUMAN,NAC1_HUMAN,SYAC_HUMAN,Z3H7B_HUMAN,PKD2_HUMAN"
GRHL1_HUMAN,6,"A0A5F9ZHZ5_HUMAN,B2RDF2_HUMAN,Q5H909_HUMAN,H0Y5R1_HUMAN,DYRK3_HUMAN,ASB15_HUMAN"
PGM2_HUMAN,6,"SYN2_HUMAN,LYRIC_HUMAN,SHC2_HUMAN,A0A8I5KTR5_HUMAN,DCP1A_HUMAN,FKB10_HUMAN"
DESP_HUMAN,6,"E7ETD6_HUMAN,A0A140VK53_HUMAN,ITPR1_HUMAN,E7EPN9_HUMAN,E9PDC2_HUMAN,UBR5_HUMAN"
XDH_HUMAN,6,"F8VXG7_HUMAN,E9PKC0_HUMAN,BCR_HUMAN,A0A1B0GV09_HUMAN,VIGLN_HUMAN,A0A087X2C4_HUMAN"
MTMR3_HUMAN,6,"F184A_HUMAN,MYPC2_HUMAN,COJA1_HUMAN,NGAP_HUMAN,MYPC1_HUMAN,MAGC1_HUMAN"
KSYK_HUMAN,6,"NET1_HUMAN,A0A140VKE5_HUMAN,B4DN07_HUMAN,A0A7P0T961_HUMAN,MAON_HUMAN,A0A2U3TZN9_HUMAN"
RS12_HUMAN,6,"GOGA7_HUMAN,FABP5_HUMAN,CST11_HUMAN,RNK_HUMAN,RS17_HUMAN,RL28_HUMAN"
TNAP3_HUMAN,6,"A0A1W2PR74_HUMAN,A0A090N8E9_HUMAN,A0A087WT78_HUMAN,B4E1C1_HUMAN,A0A0F7NGI8_HUMAN,A0A090N7U3_HUMAN"
RS21_HUMAN,6,"CX7A1_HUMAN,SMR3B_HUMAN,A0A286YF53_HUMAN,ISK1_HUMAN,CKS1_HUMAN,Q709A9_HUMAN"
GANP_HUMAN,6,"A0A2R8YFK9_HUMAN,A0A669KBG8_HUMAN,A0A669KB10_HUMAN,A0A8I5KVF2_HUMAN,A0A8I5KTI7_HUMAN,A0A2R8Y5J0_HUMAN"
FIG4_HUMAN,6,"PROM1_HUMAN,SEM4D_HUMAN,MILK1_HUMAN,TAF4B_HUMAN,ENPP2_HUMAN,CEP97_HUMAN"
BIP_HUMAN,6,"THRB_HUMAN,ZDH13_HUMAN,MATN4_HUMAN,DTX2_HUMAN,FANCG_HUMAN,A0A2R8Y5G6_HUMAN"
S27A6_HUMAN,6,"A0A2R8Y7L2_HUMAN,A0A6Q8PFS4_HUMAN,A0A1B0GTP9_HUMAN,ARSL_HUMAN,ZBT46_HUMAN,POF1B_HUMAN"
DPOE1_HUMAN,6,"FREM1_HUMAN,E9PDI6_HUMAN,KNTC1_HUMAN,INT1_HUMAN,UN13C_HUMAN,A0A3B3ITG1_HUMAN"
PLB1_HUMAN,6,"A0A804HK30_HUMAN,A0A804HKJ0_HUMAN,NU155_HUMAN,RBGPR_HUMAN,GASP1_HUMAN,ATAD2_HUMAN"
PK3CG_HUMAN,6,"ITAV_HUMAN,ST18_HUMAN,H0Y3N9_HUMAN,I3L2J8_HUMAN,A0A2R8YEE0_HUMAN,ZN217_HUMAN"
AMD_HUMAN,6,"A0A590UJ75_HUMAN,STOX2_HUMAN,RIGI_HUMAN,A0A2R8YEC9_HUMAN,A4D0W4_HUMAN,OTU7A_HUMAN"
NEDD8_HUMAN,6,"LEAP2_HUMAN,H3BMM2_HUMAN,SVIP_HUMAN,P78328_HUMAN,B9A032_HUMAN,M0QXM8_HUMAN"
MSRB1_HUMAN,6,"H7C173_HUMAN,E9PNB9_HUMAN,F8VYH5_HUMAN,F5H285_HUMAN,A0A0C4DG57_HUMAN,A0A087WW33_HUMAN"
OFD1_HUMAN,6,"A0A0D9SGC1_HUMAN,LRP8_HUMAN,SART3_HUMAN,IREB2_HUMAN,AGRD2_HUMAN,IPO13_HUMAN"
EXOS7_HUMAN,6,"A0A087X2D5_HUMAN,AIDA_HUMAN,PRRT1_HUMAN,A0A5F9ZHD4_HUMAN,DOK5_HUMAN,PABP2_HUMAN"
PAK1_HUMAN,6,"ASB3_HUMAN,M0R0L2_HUMAN,MSPD2_HUMAN,M0R2A8_HUMAN,SYSM_HUMAN,UTP15_HUMAN"
AL7A1_HUMAN,6,"G3V5S2_HUMAN,MMP27_HUMAN,A0A1U9X8R9_HUMAN,Q5W015_HUMAN,A0A7P0T9A7_HUMAN,KAT5_HUMAN"
SYYC_HUMAN,6,"SPHM_HUMAN,CP2J2_HUMAN,A0A7P0Z4G8_HUMAN,CP3A5_HUMAN,P4HTM_HUMAN,ACHA7_HUMAN"
RBX1_HUMAN,6,"FMC1_HUMAN,A0A0A0MTT8_HUMAN,PATE2_HUMAN,K7EP01_HUMAN,F5H785_HUMAN,CD046_HUMAN"
KAD4_HUMAN,6,"NKX31_HUMAN,MASU1_HUMAN,CHM4C_HUMAN,KITH_HUMAN,TNFA_HUMAN,B2CL1_HUMAN"
GRHL2_HUMAN,6,"CHDH_HUMAN,D6RC99_HUMAN,F200C_HUMAN,E9PFR3_HUMAN,GAR4_HUMAN,X5D907_HUMAN"
DPOD1_HUMAN,6,"NAL12_HUMAN,A0A3B3IT55_HUMAN,FAK1_HUMAN,PK3CB_HUMAN,ANPRA_HUMAN,SMCA5_HUMAN"
HDA10_HUMAN,6,"CASC3_HUMAN,ATF6B_HUMAN,FXL17_HUMAN,NOLC1_HUMAN,TRAP1_HUMAN,LSHR_HUMAN"
SRC8_HUMAN,6,"A0A5F9ZHY9_HUMAN,KDM4D_HUMAN,A0A8I5KRC0_HUMAN,BT2A2_HUMAN,E5RFU2_HUMAN,MOT7_HUMAN"
RS27L_HUMAN,6,"CNBP1_HUMAN,NDUA4_HUMAN,APC11_HUMAN,FCERG_HUMAN,LSM6_HUMAN,APOC1_HUMAN"
CD2B2_HUMAN,6,"A0A8I5KYH4_HUMAN,CEBPA_HUMAN,GDAP1_HUMAN,GPR87_HUMAN,Q5STV6_HUMAN,A0A7I2V5U7_HUMAN"
HSF1_HUMAN,6,"A0A2R8YFQ8_HUMAN,A0A515VFR0_HUMAN,ZBT37_HUMAN,Q59EF0_HUMAN,CP343_HUMAN,A0A096LP39_HUMAN"
PPBT_HUMAN,6,"A0A0A6YY92_HUMAN,A0A096LNY6_HUMAN,Q9H9W4_HUMAN,B4DP46_HUMAN,NMT2_HUMAN,X6R8A1_HUMAN"
ASH1L_HUMAN,6,"APC_HUMAN,HORN_HUMAN,MXRA5_HUMAN,A0A7P0TA60_HUMAN,ZZEF1_HUMAN,DESP_HUMAN"
SETD2_HUMAN,6,"CBP_HUMAN,E9PEZ1_HUMAN,A0A087WXK5_HUMAN,F5GXF5_HUMAN,NAV2_HUMAN,NCOR1_HUMAN"
CHD3_HUMAN,6,"A0A1B0GTU5_HUMAN,A0A2R8Y212_HUMAN,BAZ2A_HUMAN,H0Y488_HUMAN,A0A804HIC2_HUMAN,F5GWX5_HUMAN"
ITA4_HUMAN,6,"ANO3_HUMAN,A0A2R8Y7M0_HUMAN,A0A499FI31_HUMAN,A0A6Q8PGN5_HUMAN,F5H2T0_HUMAN,B0ZBF6_HUMAN"
PAPS1_HUMAN,6,"MIGA2_HUMAN,A0A1B0GV70_HUMAN,CPNE5_HUMAN,ES8L3_HUMAN,A0A7P0TB21_HUMAN,A0A6Q8PGR8_HUMAN"
LDHA_HUMAN,6,"APOH_HUMAN,NU2M_HUMAN,EFNB3_HUMAN,R113A_HUMAN,WNT7A_HUMAN,OGG1_HUMAN"
CDT1_HUMAN,6,"MBTP2_HUMAN,E9PDY7_HUMAN,CP4AB_HUMAN,BBS4_HUMAN,CD20B_HUMAN,RIOK3_HUMAN"
RUVB1_HUMAN,6,"A0A2R8Y4U4_HUMAN,BCL6B_HUMAN,PAIP1_HUMAN,PPM1B_HUMAN,FXL16_HUMAN,A0A7P0T8X1_HUMAN"
ZEP1_HUMAN,6,"IGS10_HUMAN,HECD1_HUMAN,DPOLQ_HUMAN,BDP1_HUMAN,GCN1_HUMAN,ATR_HUMAN"
SDF1_HUMAN,6,"H7C0G6_HUMAN,A7L3B_HUMAN,A4D158_HUMAN,CX6A2_HUMAN,TIM8A_HUMAN,F5GXW5_HUMAN"
GBRAP_HUMAN,6,"PSMG4_HUMAN,C9K074_HUMAN,H0YJW1_HUMAN,KRA22_HUMAN,MSS4_HUMAN,F5H1N0_HUMAN"
B3AT_HUMAN,6,"WWP2_HUMAN,DYN2_HUMAN,PA24E_HUMAN,SULF2_HUMAN,ZN473_HUMAN,BCAR1_HUMAN"
FASTK_HUMAN,6,"SNX1_HUMAN,TPTE2_HUMAN,A0A0A0MSZ4_HUMAN,B0QZE2_HUMAN,SOAT2_HUMAN,V9HW90_HUMAN"
EIF3D_HUMAN,6,"D2HDH_HUMAN,A0A7P0T9D6_HUMAN,MS3L1_HUMAN,GADL1_HUMAN,Q5T1M7_HUMAN,A0A804HHW6_HUMAN"
AATM_HUMAN,6,"GLRA2_HUMAN,ZN672_HUMAN,A0A7I2V2H9_HUMAN,TAM41_HUMAN,E9PC49_HUMAN,TRI49_HUMAN"
KMT2A_HUMAN,6,"ANK2_HUMAN,PRKDC_HUMAN,A0A804HKS3_HUMAN,A0A7P0T8N5_HUMAN,A0A7P0TBH8_HUMAN,AKAP9_HUMAN"
CDK13_HUMAN,6,"RHG31_HUMAN,SETD5_HUMAN,A0A8I5KXH7_HUMAN,PTPRT_HUMAN,ARAP1_HUMAN,A0A8I5KYW1_HUMAN"
PLCG1_HUMAN,6,"B3A3_HUMAN,A0A0C4DG33_HUMAN,NMDE3_HUMAN,MMRN1_HUMAN,DSRAD_HUMAN,A0A6Q8PF66_HUMAN"
ERBB2_HUMAN,6,"MTMR3_HUMAN,TREF1_HUMAN,TTLL4_HUMAN,E7EU13_HUMAN,SMC2_HUMAN,AT134_HUMAN"
ACSS3_HUMAN,6,"ACSL3_HUMAN,LARG2_HUMAN,MD1L1_HUMAN,DVL3_HUMAN,EXT2_HUMAN,IKKE_HUMAN"
PLPP1_HUMAN,6,"KHK_HUMAN,A0A8I5KR71_HUMAN,ADT2_HUMAN,A0A5K1VW56_HUMAN,BIRC7_HUMAN,C9IZQ1_HUMAN"
P3C2B_HUMAN,6,"B4DGF1_HUMAN,ARHG5_HUMAN,A0A7I2Y1C3_HUMAN,B2RU06_HUMAN,IF4G1_HUMAN,TIAM1_HUMAN"
DEF1_HUMAN,6,"H3BT34_HUMAN,KRA33_HUMAN,Q6FGG5_HUMAN,F8W8Z9_HUMAN,E9PIJ6_HUMAN,H0YLX0_HUMAN"
ODFP2_HUMAN,6,"NASP_HUMAN,CAD10_HUMAN,A0A804CCZ3_HUMAN,CAD18_HUMAN,A0A3B3ISQ4_HUMAN,A0A7P0TAE1_HUMAN"
MARK1_HUMAN,6,"G3V180_HUMAN,CD248_HUMAN,RXFP1_HUMAN,G3V1D3_HUMAN,PLCD1_HUMAN,MFN2_HUMAN"
AOFA_HUMAN,6,"SPCS_HUMAN,FOXC2_HUMAN,CP2R1_HUMAN,BACE1_HUMAN,A0A140VJW5_HUMAN,ARMC6_HUMAN"
CP4AB_HUMAN,6,"KCNF1_HUMAN,ONEC3_HUMAN,AL9A1_HUMAN,SPX3_HUMAN,RHG19_HUMAN,A0A499FIY5_HUMAN"
GDE_HUMAN,6,"A2A3C1_HUMAN,MYOM2_HUMAN,A0A087WZX0_HUMAN,A0A2X0SFF2_HUMAN,PLA2R_HUMAN,AT10B_HUMAN"
P121A_HUMAN,6,"PKHG4_HUMAN,ARI5B_HUMAN,A0A8I5KYV3_HUMAN,ZNF91_HUMAN,HAIR_HUMAN,AT8B4_HUMAN"
GP1BA_HUMAN,6,"LMNB2_HUMAN,ZNF93_HUMAN,GLIS1_HUMAN,FXR1_HUMAN,C9JRJ5_HUMAN,ASML_HUMAN"
DUS3L_HUMAN,6,"ZN668_HUMAN,GRHL1_HUMAN,Q6IAR4_HUMAN,A0A8I5KRK9_HUMAN,ZNF48_HUMAN,DLL3_HUMAN"
PLPP6_HUMAN,6,"H3BST3_HUMAN,D6RJ07_HUMAN,H0Y3U6_HUMAN,A0A0A0MS38_HUMAN,A0A0S2Z3M4_HUMAN,NTAN1_HUMAN"
MRP7_HUMAN,6,"E7EWD6_HUMAN,A0A087WTD7_HUMAN,VPS8_HUMAN,CSKI1_HUMAN,BCL9_HUMAN,A0A804HKI2_HUMAN"
MGT5B_HUMAN,6,"VWA2_HUMAN,A0A8I5KYP8_HUMAN,ELOA2_HUMAN,MARK3_HUMAN,TRI56_HUMAN,PCSK4_HUMAN"
GSTT2_HUMAN,6,"PRDX3_HUMAN,D6RCD0_HUMAN,SURF2_HUMAN,Q08ET0_HUMAN,A0A087WTB0_HUMAN,A0A8I5KTT0_HUMAN"
ENTP4_HUMAN,6,"A0A8I5KWH1_HUMAN,PYRG2_HUMAN,A0A8I5KPV0_HUMAN,SAC1_HUMAN,ACSM3_HUMAN,S6OS1_HUMAN"
EST1_HUMAN,6,"FBW1B_HUMAN,TF65_HUMAN,5NTC_HUMAN,PAK1_HUMAN,TERF2_HUMAN,TF2H1_HUMAN"
ESR2_HUMAN,6,"V9HW06_HUMAN,A0A8I5KUM4_HUMAN,H0Y8C4_HUMAN,PLPL2_HUMAN,HHATL_HUMAN,A0A024QZ33_HUMAN"
PEX1_HUMAN,6,"NOMO1_HUMAN,AGRG6_HUMAN,WDR11_HUMAN,Q17R88_HUMAN,NOMO3_HUMAN,ATS14_HUMAN"
RL12_HUMAN,6,"C9J8V5_HUMAN,CABP5_HUMAN,A0A0U1RQM8_HUMAN,TRGC1_HUMAN,HES2_HUMAN,CKLF8_HUMAN"
DAZP2_HUMAN,6,"NC2B_HUMAN,RL18A_HUMAN,GET1_HUMAN,DNPH1_HUMAN,C9JUD5_HUMAN,REG3A_HUMAN"
NR1H2_HUMAN,6,"HDAC1_HUMAN,AKT2_HUMAN,SESN2_HUMAN,KS6B2_HUMAN,ERLEC_HUMAN,AKT1_HUMAN"
PYR1_HUMAN,6,"A0A804HJT1_HUMAN,B0I1T6_HUMAN,A0A2R8Y590_HUMAN,BAZ2B_HUMAN,MYO9B_HUMAN,MALR1_HUMAN"
PKP4_HUMAN,6,"RPA2_HUMAN,MCF2L_HUMAN,DEN2B_HUMAN,B0I1S9_HUMAN,S4A5_HUMAN,HMHA1_HUMAN"
PK3CB_HUMAN,6,"FAN1_HUMAN,IDE_HUMAN,DPYD_HUMAN,AT1A2_HUMAN,AGRG2_HUMAN,NAT10_HUMAN"
KAT2A_HUMAN,6,"A0A1W2PPR7_HUMAN,TP4AP_HUMAN,AGRG7_HUMAN,E7EWK3_HUMAN,CASD1_HUMAN,S4R3N7_HUMAN"
VDAC2_HUMAN,6,"TA2R8_HUMAN,DNJB7_HUMAN,A0A024R688_HUMAN,KT3K_HUMAN,RSPH1_HUMAN,PP2AA_HUMAN"
SCP2_HUMAN,6,"UBX11_HUMAN,A0A7P0Z484_HUMAN,CR3L2_HUMAN,SMG9_HUMAN,TULP2_HUMAN,A0A024R040_HUMAN"
KPYM_HUMAN,6,"ASIC5_HUMAN,A0A0S2Z586_HUMAN,A0A1W2PQQ0_HUMAN,TB22B_HUMAN,ATF2_HUMAN,ZN649_HUMAN"
G3BP1_HUMAN,6,"H0Y322_HUMAN,MDM4_HUMAN,RL1D1_HUMAN,B0QYD3_HUMAN,B0QYS6_HUMAN,G3V0E4_HUMAN"
CXB1_HUMAN,6,"CD20_HUMAN,THTR_HUMAN,E9PCF2_HUMAN,MEMO1_HUMAN,TATD1_HUMAN,A0A7I2V3H5_HUMAN"
RAF1_HUMAN,6,"E5KRP5_HUMAN,E7EX17_HUMAN,F5H7P7_HUMAN,GTR12_HUMAN,A0A6Q8PGW4_HUMAN,E7EV75_HUMAN"
H17B6_HUMAN,6,"COX18_HUMAN,A0A0A0MRN9_HUMAN,XCR1_HUMAN,A0A0S2Z3L0_HUMAN,CK042_HUMAN,C1T9A_HUMAN"
AK1C2_HUMAN,6,"A0A140VK59_HUMAN,CATB_HUMAN,H0YLF5_HUMAN,TM10A_HUMAN,G3V0E7_HUMAN,GPVI_HUMAN"
DHX9_HUMAN,6,"FLIP1_HUMAN,GRM5_HUMAN,A0A0A0MS99_HUMAN,A0A8I5KSL3_HUMAN,AFF1_HUMAN,HIPK3_HUMAN"
SKP1_HUMAN,6,"DDIT3_HUMAN,TSPO_HUMAN,EREG_HUMAN,SAT1_HUMAN,CDN2C_HUMAN,LEP_HUMAN"
LPH_HUMAN,6,"A0A2R8Y4T1_HUMAN,GRDN_HUMAN,A0A8I5KXX8_HUMAN,PCSK5_HUMAN,A0A8I5KU87_HUMAN,ZN236_HUMAN"
CE128_HUMAN,6,"TLR8_HUMAN,NOD2_HUMAN,AT2A2_HUMAN,CNTN2_HUMAN,A0A1W2PRB5_HUMAN,Q5SQH4_HUMAN"
RBP2_HUMAN,6,"A0A0A0MSA0_HUMAN,LAMA3_HUMAN,A0A7P0T8F0_HUMAN,MUC3A_HUMAN,A0A8J9C4H3_HUMAN,A0A7P0T9K8_HUMAN"
S10A9_HUMAN,6,"SPT4H_HUMAN,KV133_HUMAN,BET1_HUMAN,RL34_HUMAN,GBRAP_HUMAN,SMS_HUMAN"
GAK_HUMAN,6,"G3V3F7_HUMAN,A1L461_HUMAN,CAMP3_HUMAN,A0A0A0MRM8_HUMAN,MAGL2_HUMAN,RAPH1_HUMAN"
ACSL6_HUMAN,6,"TBK1_HUMAN,SL9A7_HUMAN,PCCA_HUMAN,DAAF1_HUMAN,CCNT2_HUMAN,FYB2_HUMAN"
LCAT_HUMAN,6,"IRAK4_HUMAN,ADA2C_HUMAN,RNF25_HUMAN,TF2H4_HUMAN,TRM11_HUMAN,TGFI1_HUMAN"
RUNX1_HUMAN,6,"A0A1W2PQ47_HUMAN,F1DAL1_HUMAN,TM1L1_HUMAN,E9PRZ1_HUMAN,ZN141_HUMAN,A0A7I2V5M7_HUMAN"
5NT3A_HUMAN,6,"K7EKQ2_HUMAN,GP139_HUMAN,A0A0A0MRX3_HUMAN,H0YMB0_HUMAN,RN167_HUMAN,THUM1_HUMAN"
EHMT1_HUMAN,6,"TAOK2_HUMAN,CAND2_HUMAN,A0A2X0SFL3_HUMAN,AT2B4_HUMAN,BRD8_HUMAN,EDRF1_HUMAN"
GRHL3_HUMAN,6,"CKAP4_HUMAN,CK5P1_HUMAN,PROD_HUMAN,LIRB2_HUMAN,PTN6_HUMAN,ZMY11_HUMAN"
CHSS2_HUMAN,6,"A0A024R1Z9_HUMAN,PLOD2_HUMAN,A5D8Y1_HUMAN,I17RD_HUMAN,PLOD3_HUMAN,DPP3_HUMAN"
D103A_HUMAN,6,"D6RD56_HUMAN,UQCC5_HUMAN,E9PS22_HUMAN,A0A1W2PPA3_HUMAN,E5RJE7_HUMAN,MT3_HUMAN"
STAT3_HUMAN,6,"MKLN1_HUMAN,HIC1_HUMAN,STON1_HUMAN,P3H3_HUMAN,FOXK1_HUMAN,FXL13_HUMAN"
HDAC6_HUMAN,6,"A0A494C1K3_HUMAN,HEPH_HUMAN,BMP2K_HUMAN,CTSRG_HUMAN,HPHL1_HUMAN,A0A5F9ZI57_HUMAN"
PCM1_HUMAN,6,"K1549_HUMAN,A0A8I5KRS9_HUMAN,GRB1L_HUMAN,SKT_HUMAN,TNR6A_HUMAN,MYH4_HUMAN"
NOS3_HUMAN,6,"FHDC1_HUMAN,ITAM_HUMAN,CF251_HUMAN,E9PF63_HUMAN,AP3D1_HUMAN,SGSM1_HUMAN"
NUD11_HUMAN,6,"B9A008_HUMAN,A0A0P1J1R0_HUMAN,PLD3A_HUMAN,RHEX_HUMAN,C9JJ39_HUMAN,A0A7P0TA44_HUMAN"
ZRAB3_HUMAN,6,"ITA4_HUMAN,HIP1_HUMAN,NLRP3_HUMAN,ACK1_HUMAN,MORC2_HUMAN,TLR9_HUMAN"
HSPA9_HUMAN,6,"IRAK1_HUMAN,ORC3_HUMAN,ACSL4_HUMAN,MRE11_HUMAN,H0Y742_HUMAN,CAPR1_HUMAN"
ST2A1_HUMAN,6,"B4DJ75_HUMAN,A0A0S2Z497_HUMAN,A0A384P622_HUMAN,K7EMG5_HUMAN,NHEJ1_HUMAN,TA2R4_HUMAN"
ERN1_HUMAN,6,"A0A087WWP4_HUMAN,ANO7_HUMAN,A0A0S2Z4W4_HUMAN,A0A804HKJ6_HUMAN,F8VS42_HUMAN,URGCP_HUMAN"
MARC1_HUMAN,6,"ERFE_HUMAN,A0A2R8Y5A0_HUMAN,GRM2A_HUMAN,A0A384NYW3_HUMAN,A0A2R8YDP2_HUMAN,PON3_HUMAN"
ZO1_HUMAN,6,"LAMA4_HUMAN,TAF1L_HUMAN,A0A2U3TZV9_HUMAN,WNK3_HUMAN,MAST2_HUMAN,A0A2R8Y6C9_HUMAN"
PAIP2_HUMAN,6,"K7EK07_HUMAN,M0QXX5_HUMAN,SH21B_HUMAN,RS12_HUMAN,Q15302_HUMAN,K7ENR2_HUMAN"
ATG4B_HUMAN,6,"CGL_HUMAN,SFTPD_HUMAN,BMP4_HUMAN,P2RX3_HUMAN,PAR2_HUMAN,HERP1_HUMAN"
LEG1_HUMAN,6,"VAMP4_HUMAN,Q13429_HUMAN,PROF1_HUMAN,TXN4A_HUMAN,AP2S1_HUMAN,PROF2_HUMAN"
AMPN_HUMAN,6,"HXK3_HUMAN,ESYT2_HUMAN,DNLI1_HUMAN,TNPO3_HUMAN,BCLF1_HUMAN,ANDR_HUMAN"
JIP2_HUMAN,6,"DDX21_HUMAN,SUV3_HUMAN,TLR2_HUMAN,SEM3F_HUMAN,UBP1_HUMAN,A0A096LNR9_HUMAN"
MT1G_HUMAN,6,"MT1E_HUMAN,COX7C_HUMAN,A5JUZ3_HUMAN,DFB4A_HUMAN,H0YM04_HUMAN,A0A087WU07_HUMAN"
SAT2_HUMAN,6,"Q6FGW4_HUMAN,E7EWZ0_HUMAN,A0A7P0TB81_HUMAN,H0YNG2_HUMAN,Q5SZG1_HUMAN,A0A087WY90_HUMAN"
FYN_HUMAN,6,"A0A140VK65_HUMAN,ZBT45_HUMAN,KCA10_HUMAN,K2C72_HUMAN,A0A669KB03_HUMAN,K7EK11_HUMAN"
CP4V2_HUMAN,6,"A0A494BZW7_HUMAN,NCKX5_HUMAN,A0A7P0Z4K4_HUMAN,KCNA2_HUMAN,LRP11_HUMAN,PYRD1_HUMAN"
BST2_HUMAN,6,"A0A6Q8PGY1_HUMAN,CT451_HUMAN,MZB1_HUMAN,BHA15_HUMAN,H0YD03_HUMAN,H0YG62_HUMAN"
PADI3_HUMAN,6,"TAF6_HUMAN,S27A4_HUMAN,LOX15_HUMAN,LIRB1_HUMAN,KLH22_HUMAN,GAS6_HUMAN"
S27A2_HUMAN,6,"PWP2B_HUMAN,A0A7P0T937_HUMAN,PYRG1_HUMAN,CALX_HUMAN,ZWILC_HUMAN,ACM3_HUMAN"
AIFM1_HUMAN,6,"CFAI_HUMAN,PARP2_HUMAN,A0A7I2V598_HUMAN,A0A804HJ07_HUMAN,B0YJ88_HUMAN,DEN6B_HUMAN"
RNT2_HUMAN,6,"JMJD8_HUMAN,SNAI2_HUMAN,IL1B_HUMAN,APOA1_HUMAN,SRS12_HUMAN,ZN363_HUMAN"
LATS1_HUMAN,6,"TAF4_HUMAN,RENT1_HUMAN,TCRG1_HUMAN,UBP8_HUMAN,PGFRA_HUMAN,E2AK3_HUMAN"
KAT2B_HUMAN,6,"Q2M3L1_HUMAN,NADL2_HUMAN,A0A0C4DFT8_HUMAN,PLAP_HUMAN,F8W9L4_HUMAN,A0A804HK02_HUMAN"
RIN3_HUMAN,6,"A0A1W2PS19_HUMAN,PCDA5_HUMAN,NMDZ1_HUMAN,A0A8I5KZ07_HUMAN,A0A140VKC1_HUMAN,Q2L6I0_HUMAN"
LONM_HUMAN,6,"A0A0S2Z4Z6_HUMAN,F5H0R1_HUMAN,A0A087WVM4_HUMAN,A0A804HJH8_HUMAN,FA13B_HUMAN,KPCD1_HUMAN"
PTPM1_HUMAN,6,"F5GX80_HUMAN,RAB38_HUMAN,TIRR_HUMAN,CD8B_HUMAN,A0A0U1RQD1_HUMAN,I3L2T9_HUMAN"
AGK_HUMAN,6,"GATA4_HUMAN,CRLF3_HUMAN,FADS1_HUMAN,GATA3_HUMAN,HXA3_HUMAN,A0A6Q8PG83_HUMAN"
MIF_HUMAN,6,"A0A590UJJ6_HUMAN,HYPK_HUMAN,C9K0U8_HUMAN,CRUM3_HUMAN,C9JZV5_HUMAN,J3KR21_HUMAN"
RS2_HUMAN,6,"CCNP_HUMAN,Q53GL6_HUMAN,C9JWN1_HUMAN,B1AL69_HUMAN,FA76A_HUMAN,A0A286YF02_HUMAN"
8ODP_HUMAN,6,"NEU2_HUMAN,TAF12_HUMAN,IL15_HUMAN,TEBP_HUMAN,LTOR1_HUMAN,ECP_HUMAN"
ARGI1_HUMAN,6,"A0A5F9ZHJ0_HUMAN,B2R986_HUMAN,CB39L_HUMAN,T2R39_HUMAN,HEMK1_HUMAN,LORF1_HUMAN"
EFTU_HUMAN,6,"FOXD3_HUMAN,D9ZGG2_HUMAN,A0A8I5KS72_HUMAN,OSGI1_HUMAN,MYBPH_HUMAN,MGT4C_HUMAN"
PABP1_HUMAN,6,"PDXL2_HUMAN,A0A494C1F8_HUMAN,EPMIP_HUMAN,FBW1A_HUMAN,CARM1_HUMAN,GLT18_HUMAN"
ACO13_HUMAN,6,"RS19_HUMAN,UB2V1_HUMAN,DPOE3_HUMAN,RS23_HUMAN,UB2V2_HUMAN,CYTC_HUMAN"
UBE2C_HUMAN,6,"JOS2_HUMAN,E9PQ47_HUMAN,DS13A_HUMAN,SSX2_HUMAN,IFNA2_HUMAN,PEBP1_HUMAN"
EIF3A_HUMAN,6,"E7EPI0_HUMAN,A0A140VJW1_HUMAN,AGRA3_HUMAN,MINK1_HUMAN,KI16B_HUMAN,E9PF10_HUMAN"
CALM1_HUMAN,6,"ACPM_HUMAN,CDN2A_HUMAN,NHP2_HUMAN,PFD2_HUMAN,H3BNK9_HUMAN,DAOA_HUMAN"
RL35A_HUMAN,6,"XCL1_HUMAN,E9PLA7_HUMAN,Q5SVM7_HUMAN,C9JJ68_HUMAN,MIEN1_HUMAN,H3BM64_HUMAN"
PTPRQ_HUMAN,6,"ABCA4_HUMAN,CAC1I_HUMAN,CAC1C_HUMAN,H7BZH9_HUMAN,DPOE1_HUMAN,A0A8I5KVG7_HUMAN"
RS3_HUMAN,6,"A0A1B0GVT7_HUMAN,A0A2R8YCP1_HUMAN,A0A0S2Z5P2_HUMAN,S5A2_HUMAN,A0A804DAZ0_HUMAN,REEP3_HUMAN"
SIAH1_HUMAN,6,"ASB17_HUMAN,A0A494C1T7_HUMAN,CCND1_HUMAN,K7EIH5_HUMAN,TM241_HUMAN,V9HW60_HUMAN"
ZDHC7_HUMAN,6,"FOXE3_HUMAN,APEX1_HUMAN,RFPL1_HUMAN,NPL_HUMAN,ATOH8_HUMAN,PLS1_HUMAN"
ECHM_HUMAN,6,"G3V2Q1_HUMAN,D3DU92_HUMAN,KI2S2_HUMAN,DTWD1_HUMAN,A0A075B6F9_HUMAN,SPAT4_HUMAN"
CBPC1_HUMAN,6,"WDR35_HUMAN,ANFY1_HUMAN,B7ZM68_HUMAN,TSP2_HUMAN,A0A2R8Y5A6_HUMAN,FA83H_HUMAN"
S10AC_HUMAN,6,"ASURF_HUMAN,SC61B_HUMAN,KR123_HUMAN,V9GZ59_HUMAN,SPR1A_HUMAN,KR121_HUMAN"
CRGD_HUMAN,6,"RGS5_HUMAN,TNNI2_HUMAN,RAP2A_HUMAN,NFE4_HUMAN,EMC4_HUMAN,A0A494BXC7_HUMAN"
RS19_HUMAN,6,"NDKB_HUMAN,RS13_HUMAN,CEBPG_HUMAN,OOEP_HUMAN,UBE2N_HUMAN,COX5A_HUMAN"
RN111_HUMAN,6,"CTNA2_HUMAN,ATL2_HUMAN,AL2CL_HUMAN,Q5JV20_HUMAN,PCDA8_HUMAN,AT2C2_HUMAN"
ALDR_HUMAN,6,"TAL1_HUMAN,IL12B_HUMAN,BACD1_HUMAN,IRF1_HUMAN,VP26A_HUMAN,CREB1_HUMAN"
CD38_HUMAN,6,"A0A7P0TA31_HUMAN,E7EQB3_HUMAN,FAH2B_HUMAN,TRBR2_HUMAN,H0YEX5_HUMAN,ARGFX_HUMAN"
F263_HUMAN,6,"A0A0C4DGN7_HUMAN,S17A4_HUMAN,A0A090N8N3_HUMAN,NOTUM_HUMAN,A6NL54_HUMAN,B1AMR3_HUMAN"
INO80_HUMAN,6,"A0A8I5KT00_HUMAN,A0A8J9FM07_HUMAN,TEX14_HUMAN,H0YJ14_HUMAN,MRP6_HUMAN,P3C2G_HUMAN"
CBR1_HUMAN,6,"ALKB3_HUMAN,KCMB3_HUMAN,HMOX1_HUMAN,PHB1_HUMAN,HES1_HUMAN,IL1A_HUMAN"
TRIM8_HUMAN,6,"SAP_HUMAN,NLK_HUMAN,FUS_HUMAN,PUS10_HUMAN,CEAM1_HUMAN,HCK_HUMAN"
FYV1_HUMAN,6,"FANCM_HUMAN,A0A2R8Y840_HUMAN,A0A804HIW6_HUMAN,A0A6Q8PGG9_HUMAN,LOXH1_HUMAN,M0R300_HUMAN"
DUS18_HUMAN,6,"H0Y852_HUMAN,TLE5_HUMAN,CITE1_HUMAN,UB2E1_HUMAN,MYL1_HUMAN,RAC1_HUMAN"
RM22_HUMAN,6,"PRDX5_HUMAN,IL6_HUMAN,HMGB1_HUMAN,PPCT_HUMAN,C9JEZ4_HUMAN,RAB5A_HUMAN"
SRPK1_HUMAN,6,"A0A0S2Z4Y4_HUMAN,IL23R_HUMAN,RNF12_HUMAN,ADCK2_HUMAN,S13A4_HUMAN,ABCF2_HUMAN"
HMGN1_HUMAN,6,"PROK1_HUMAN,C9JM58_HUMAN,C9JTN1_HUMAN,C9J618_HUMAN,Q53HY9_HUMAN,E7EWR8_HUMAN"
HMGA1_HUMAN,6,"ATIF1_HUMAN,C9J5U3_HUMAN,H0YMR0_HUMAN,PHF5A_HUMAN,KR124_HUMAN,BET1L_HUMAN"
EF2_HUMAN,6,"VILI_HUMAN,LDLR_HUMAN,SOX6_HUMAN,STRP1_HUMAN,ADAM9_HUMAN,M4K1_HUMAN"
CLIC1_HUMAN,6,"Q5QPE7_HUMAN,PRPK_HUMAN,PIGL_HUMAN,A0A7P0Z490_HUMAN,GOSR1_HUMAN,CFAD_HUMAN"
DUS21_HUMAN,6,"LRMDA_HUMAN,B8ZZZ4_HUMAN,LEUTX_HUMAN,A0A0K0MJ49_HUMAN,TCF15_HUMAN,A0A494C115_HUMAN"
MAGAB_HUMAN,6,"ITFG2_HUMAN,KCNJ4_HUMAN,FBX9_HUMAN,MP2K5_HUMAN,WT1_HUMAN,TFDP2_HUMAN"
XRN1_HUMAN,6,"DDX60_HUMAN,BCOR_HUMAN,PAPP2_HUMAN,SI1L3_HUMAN,H0Y9E9_HUMAN,A0A804HI08_HUMAN"
RL31_HUMAN,6,"CCL28_HUMAN,BATF3_HUMAN,PIN4_HUMAN,A6NDA1_HUMAN,H2B1J_HUMAN,PEA15_HUMAN"
HIP1_HUMAN,6,"Q9Y4I9_HUMAN,MOV10_HUMAN,KCNH5_HUMAN,FAK2_HUMAN,DHX36_HUMAN,ZBTB4_HUMAN"
RS20_HUMAN,6,"I3L0X6_HUMAN,B8YCP3_HUMAN,C9J9P1_HUMAN,C9JQK8_HUMAN,C9JGN2_HUMAN,B4DQ48_HUMAN"
PKP3_HUMAN,6,"A0A7P0T9U7_HUMAN,PLPR4_HUMAN,ERCC2_HUMAN,DACH1_HUMAN,A0A8I5QJI3_HUMAN,E9KL44_HUMAN"
RIPK2_HUMAN,6,"CP24A_HUMAN,FCRL4_HUMAN,A0A7P0MRW0_HUMAN,D6REA0_HUMAN,A0A494C179_HUMAN,ARHG9_HUMAN"
PTGES_HUMAN,6,"C9JE25_HUMAN,F8W961_HUMAN,E5RGE8_HUMAN,TMM92_HUMAN,TSLP_HUMAN,AP1S2_HUMAN"
PGH1_HUMAN,6,"LPP60_HUMAN,E9PD68_HUMAN,A0A1L7NY50_HUMAN,A0A024R3X4_HUMAN,A0A2R8YGK2_HUMAN,G3V3A4_HUMAN"
SIA4A_HUMAN,6,"APTX_HUMAN,A0A7I2V647_HUMAN,A0A6I8PLE7_HUMAN,A0A2R8Y7R8_HUMAN,AUNIP_HUMAN,D6RDF7_HUMAN"
HNRPD_HUMAN,6,"CDK9_HUMAN,NKX21_HUMAN,MET18_HUMAN,DAPK2_HUMAN,MCUR1_HUMAN,HLAB_HUMAN"
CBR4_HUMAN,6,"STC1_HUMAN,IF4E2_HUMAN,VATD_HUMAN,TMT1A_HUMAN,MBL2_HUMAN,VAPA_HUMAN"
ABI2_HUMAN,6,"A0A804HI25_HUMAN,A0A0C4DFN8_HUMAN,ACV1C_HUMAN,A0A0S2Z456_HUMAN,V9HVY1_HUMAN,A2AP_HUMAN"
LYPA2_HUMAN,6,"RS3_HUMAN,NAA60_HUMAN,CD63_HUMAN,DRAM1_HUMAN,BCL2_HUMAN,ABEC1_HUMAN"
TERA_HUMAN,6,"A0A8I5KVT9_HUMAN,RGL1_HUMAN,D9YZV9_HUMAN,GOGA1_HUMAN,CAD19_HUMAN,TLK2_HUMAN"
PEMT_HUMAN,6,"GDIR2_HUMAN,TWST1_HUMAN,A1AG2_HUMAN,EFNA1_HUMAN,RAB13_HUMAN,RAB1B_HUMAN"
DUS29_HUMAN,6,"GSTA1_HUMAN,CPSF5_HUMAN,UBE2S_HUMAN,RAB21_HUMAN,RAB3A_HUMAN,TMED7_HUMAN"
1433G_HUMAN,6,"A0A0B4J1R1_HUMAN,F5GWD3_HUMAN,A0A7I2V575_HUMAN,DMAC2_HUMAN,A7UKY0_HUMAN,SPIN3_HUMAN"
KDM8_HUMAN,6,"IRF3_HUMAN,TGFB2_HUMAN,DAAF4_HUMAN,RBM22_HUMAN,AP2A_HUMAN,SMAD3_HUMAN"
FMO3_HUMAN,6,"HSP7E_HUMAN,E7ETN2_HUMAN,A0A8I5KXC0_HUMAN,A0A1B0GV84_HUMAN,A0A024R8S5_HUMAN,LDHD_HUMAN"
RS27_HUMAN,6,"A2A2D0_HUMAN,M0R015_HUMAN,COA4_HUMAN,E9PM24_HUMAN,A0A0U1RQQ7_HUMAN,C9K0M0_HUMAN"
CCL5_HUMAN,6,"E5RGD3_HUMAN,E9PQB4_HUMAN,TIM13_HUMAN,F5H7Z3_HUMAN,A0A087WUN7_HUMAN,J3QLM2_HUMAN"
ITSN2_HUMAN,6,"A0A1B0GV47_HUMAN,A0A2R8Y7C8_HUMAN,A0A2R8Y5F1_HUMAN,A0A087WTF3_HUMAN,CO4A_HUMAN,X5D2U8_HUMAN"
IF4G1_HUMAN,6,"A0A384MR42_HUMAN,A0A1B0GTW6_HUMAN,A0A6Q8PFM0_HUMAN,HECW2_HUMAN,SAM9L_HUMAN,Q5JSG7_HUMAN"
RL37_HUMAN,6,"Q5NV66_HUMAN,C9IYB8_HUMAN,CP141_HUMAN,APOA2_HUMAN,E5RH69_HUMAN,PTMS_HUMAN"
RL36A_HUMAN,6,"A0A1B0GXE7_HUMAN,BORC7_HUMAN,D6RDG3_HUMAN,C9JZ87_HUMAN,E9PIP9_HUMAN,A0A8I5KNZ0_HUMAN"
TENS2_HUMAN,6,"MSH6_HUMAN,A0A0A0MT33_HUMAN,A0A6Q8PHC9_HUMAN,G3V599_HUMAN,H0Y326_HUMAN,A0A804HIG4_HUMAN"
XCL1_HUMAN,6,"C9JQH3_HUMAN,A8MUH2_HUMAN,Q6IAW1_HUMAN,Q13138_HUMAN,TVA19_HUMAN,TVA29_HUMAN"
AOXA_HUMAN,6,"A0A1Y0BRN3_HUMAN,PRD16_HUMAN,PTPRC_HUMAN,A0A804HKX1_HUMAN,DEN5B_HUMAN,A0A7P0Q1F0_HUMAN"
RS24_HUMAN,6,"A0A087WT34_HUMAN,E5RH35_HUMAN,F6SXL5_HUMAN,A0A2R8Y6U9_HUMAN,C9JA36_HUMAN,A0A087WZE9_HUMAN"
RS25_HUMAN,6,"K7EN69_HUMAN,C9JMI3_HUMAN,I3L329_HUMAN,SRSP_HUMAN,Q6FGL7_HUMAN,EMC5_HUMAN"
SLPI_HUMAN,6,"TM203_HUMAN,RET5_HUMAN,H0Y8R3_HUMAN,Q14755_HUMAN,HPIP_HUMAN,KRA42_HUMAN"
RL27_HUMAN,6,"A0A0A0MSG8_HUMAN,CYTD_HUMAN,H3BNZ3_HUMAN,D6RDX9_HUMAN,C9J4X8_HUMAN,H0YHX3_HUMAN"
SYUA_HUMAN,6,"C9J6I8_HUMAN,MORN4_HUMAN,CHSP1_HUMAN,A0A1W2PQE0_HUMAN,UB2D4_HUMAN,A0M8W4_HUMAN"
C2TA_HUMAN,6,"WDHD1_HUMAN,A0A8I5KVB5_HUMAN,GRIP1_HUMAN,A0A2S1ZR87_HUMAN,IPO5_HUMAN,WDR72_HUMAN"
RENT1_HUMAN,6,"ATX2L_HUMAN,CP131_HUMAN,GUC2C_HUMAN,F8VQP2_HUMAN,M3K9_HUMAN,UBP53_HUMAN"
KANL1_HUMAN,6,"ZBT11_HUMAN,A0A2R8YDB8_HUMAN,TRHDE_HUMAN,J3QLU9_HUMAN,KDM4C_HUMAN,ACD10_HUMAN"
DUS23_HUMAN,6,"D6RBQ9_HUMAN,H0YCH8_HUMAN,A0A075B6P4_HUMAN,A0A087WVT9_HUMAN,C9JNI4_HUMAN,A0A087X183_HUMAN"
LTC4S_HUMAN,6,"O43645_HUMAN,PPR27_HUMAN,M0R054_HUMAN,S4R3T5_HUMAN,TM50A_HUMAN,A0A140VJI5_HUMAN"
ACK1_HUMAN,6,"A0A3B3ITL0_HUMAN,E9PEI0_HUMAN,A0A7I2V5C6_HUMAN,HERC6_HUMAN,A0A669KBC2_HUMAN,A0A8I5KZ68_HUMAN"
RS27A_HUMAN,6,"SUPYN_HUMAN,A0A140VJS7_HUMAN,F6VDH7_HUMAN,I3L0Z6_HUMAN,A0A0S2Z6I4_HUMAN,KR134_HUMAN"
RL29_HUMAN,6,"E9PRS3_HUMAN,A8MZB2_HUMAN,A2AAT8_HUMAN,GTSF1_HUMAN,A2A2P1_HUMAN,E7EQ72_HUMAN"
VKOR1_HUMAN,6,"SRARP_HUMAN,E7EWJ9_HUMAN,ML12A_HUMAN,M0QXD7_HUMAN,A0A1W2PQK0_HUMAN,A0A0S2Z5U1_HUMAN"
PARP1_HUMAN,6,"A0A6Q8PFY2_HUMAN,A0A8I5KQ62_HUMAN,A0A087WZ65_HUMAN,NED4L_HUMAN,D6RD46_HUMAN,DLGP3_HUMAN"
NAA50_HUMAN,6,"A0A087WU55_HUMAN,KR132_HUMAN,B7Z509_HUMAN,A0A7I2YQX2_HUMAN,C9JL25_HUMAN,F8W8H5_HUMAN"
CRGC_HUMAN,6,"A0PJA6_HUMAN,A0A024RCQ4_HUMAN,SAYS1_HUMAN,ARF3_HUMAN,E9PNI1_HUMAN,A0A0A0MRR7_HUMAN"
RL11_HUMAN,6,"A0A0A0MSU9_HUMAN,REL1_HUMAN,G3V575_HUMAN,TP8L1_HUMAN,A0A087WVB9_HUMAN,M0R226_HUMAN"
MOC2B_HUMAN,6,"A0A0U1RQF8_HUMAN,A0A087WT64_HUMAN,A0A0B4J2C3_HUMAN,F6R6M7_HUMAN,B7Z4J8_HUMAN,F5H0U5_HUMAN"
DS13A_HUMAN,6,"PTGDS_HUMAN,Q5T094_HUMAN,CBX5_HUMAN,A0A1W2PRP7_HUMAN,E5RGR0_HUMAN,PGRC1_HUMAN"
SPICE_HUMAN,6,"B8ZZ38_HUMAN,A0A087WTW0_HUMAN,A0A0B4J203_HUMAN,A0A087X085_HUMAN,ARHGF_HUMAN,A0A0A0MSI2_HUMAN"
DISC1_HUMAN,6,"H0Y9P1_HUMAN,LIPB2_HUMAN,H0Y6H0_HUMAN,Q548C2_HUMAN,LITD1_HUMAN,H0YA20_HUMAN"
KDM1A_HUMAN,6,"A0A3B3IU79_HUMAN,AXIN1_HUMAN,AKAP3_HUMAN,A0A6Q8PGW5_HUMAN,R9QE65_HUMAN,PP6R3_HUMAN"
DNM3A_HUMAN,6,"A0A3B3IT92_HUMAN,KMT5B_HUMAN,D3DQV9_HUMAN,A0A140VK05_HUMAN,CNTRB_HUMAN,A0A0S2Z4W1_HUMAN"
NRP1_HUMAN,6,"ATX7_HUMAN,SP100_HUMAN,TLR3_HUMAN,KANL3_HUMAN,CBL_HUMAN,KI20A_HUMAN"
CLOCK_HUMAN,6,"ZNF43_HUMAN,A0A2R8Y6W8_HUMAN,A0A8I5KT73_HUMAN,SPON1_HUMAN,TS1R3_HUMAN,Q2L6I2_HUMAN"
PHC2_HUMAN,6,"ATS4_HUMAN,HNRPU_HUMAN,LMBL1_HUMAN,TGM1_HUMAN,M4K5_HUMAN,DDX20_HUMAN"
TLR4_HUMAN,6,"A0A7I2RW32_HUMAN,RASL1_HUMAN,LRC8A_HUMAN,CTSRD_HUMAN,CADH8_HUMAN,CPT1C_HUMAN"
HPGDS_HUMAN,6,"CD3CH_HUMAN,LIN7B_HUMAN,A0A087X1P5_HUMAN,A0A804HJ46_HUMAN,A0A140VK94_HUMAN,CRBB2_HUMAN"
ITBP1_HUMAN,6,"SPRY4_HUMAN,NTF4_HUMAN,CTAG2_HUMAN,AKIP1_HUMAN,GUC1A_HUMAN,DRC12_HUMAN"
UBE2K_HUMAN,6,"PSB3_HUMAN,RBPS2_HUMAN,RAB30_HUMAN,RGS1_HUMAN,RAB8A_HUMAN,MGMT_HUMAN"
BLVRB_HUMAN,6,"RCAS1_HUMAN,E7EW06_HUMAN,A0A8I5KXI2_HUMAN,A0A2R8YFH6_HUMAN,C9J5V9_HUMAN,NICN1_HUMAN"
FGF21_HUMAN,6,"A0A140VJL3_HUMAN,TPPC4_HUMAN,DUS19_HUMAN,A0A8I5QJI2_HUMAN,H0YKA2_HUMAN,RGS19_HUMAN"
ATX1_HUMAN,6,"RGL2_HUMAN,A0A2Z2CIT2_HUMAN,A0A8I5KVH8_HUMAN,HPS6_HUMAN,ARHG6_HUMAN,GCC1_HUMAN"
GSTK1_HUMAN,6,"A0A0S2Z565_HUMAN,A0A087X1Q1_HUMAN,A8MYR2_HUMAN,E5RIZ4_HUMAN,A0A087WW88_HUMAN,A0A024RAA1_HUMAN"
GSTM3_HUMAN,6,"F6RTR7_HUMAN,T150B_HUMAN,GSTA2_HUMAN,F6S4E6_HUMAN,HES7_HUMAN,NUD14_HUMAN"
CXB2_HUMAN,6,"A2AB23_HUMAN,J3QLI2_HUMAN,TEX35_HUMAN,X6RCL8_HUMAN,OTUB2_HUMAN,B4E3T4_HUMAN"
YETS4_HUMAN,6,"SODM_HUMAN,TMED5_HUMAN,SRA1_HUMAN,A0A8I5KVE2_HUMAN,H0YDE4_HUMAN,C9IY40_HUMAN"
NAT8_HUMAN,6,"F8VXS0_HUMAN,EBP_HUMAN,MT21D_HUMAN,ACKMT_HUMAN,FAHD1_HUMAN,SGMR1_HUMAN"
GSTT1_HUMAN,6,"A0A087X0L2_HUMAN,A0A087X1W1_HUMAN,SOX14_HUMAN,B0QYZ7_HUMAN,M4A8_HUMAN,A0A3F2YNX8_HUMAN"
DBLOH_HUMAN,6,"TRYD_HUMAN,MORN3_HUMAN,NKG2E_HUMAN,KR10A_HUMAN,TAP26_HUMAN,I3L3R1_HUMAN"
EGLN3_HUMAN,6,"GEMI8_HUMAN,PMM2_HUMAN,H3BNR2_HUMAN,C1QA_HUMAN,A0A1B0GTU6_HUMAN,Q86VL0_HUMAN"
ZW10_HUMAN,6,"AMPD1_HUMAN,A0A2R8Y750_HUMAN,A0A0A0MRH8_HUMAN,CD44_HUMAN,E5RFM9_HUMAN,E9PKP7_HUMAN"
DCK_HUMAN,6,"B1APM4_HUMAN,A0A2R8Y687_HUMAN,A0A024RA31_HUMAN,A0A2R8Y6M7_HUMAN,A0A8I5QKT8_HUMAN,A0A0S2Z504_HUMAN"
CAH2_HUMAN,6,"R4GMN4_HUMAN,WBP1_HUMAN,HAPR2_HUMAN,NGN2_HUMAN,I3L1N0_HUMAN,I3L1Q3_HUMAN"
DHR11_HUMAN,6,"COMT_HUMAN,SMUG1_HUMAN,IOD2_HUMAN,NFAM1_HUMAN,EAF1_HUMAN,CEBPD_HUMAN"
ACER2_HUMAN,6,"A0A024RCV5_HUMAN,Q53FM2_HUMAN,C9JEB6_HUMAN,E9PIB2_HUMAN,A0A3B3IRT8_HUMAN,A0A087WZJ6_HUMAN"
PMGE_HUMAN,6,"TM192_HUMAN,AQP2_HUMAN,RFA4_HUMAN,PCNA_HUMAN,STX7_HUMAN,ACER3_HUMAN"
TRMB_HUMAN,6,"A0A140VJZ5_HUMAN,H7C4V2_HUMAN,G5E9W7_HUMAN,H0YIA6_HUMAN,K7ENA8_HUMAN,ICAM2_HUMAN"
CBR3_HUMAN,6,"PHYD1_HUMAN,TLX3_HUMAN,KLF6_HUMAN,ERMIN_HUMAN,K7EIY6_HUMAN,A0A1W2PQS6_HUMAN"
IMPA1_HUMAN,6,"ACBD6_HUMAN,CAZA1_HUMAN,EXOS3_HUMAN,HEXI2_HUMAN,HVCN1_HUMAN,A0A499FIY3_HUMAN"
DGUOK_HUMAN,6,"ING2_HUMAN,RRP7A_HUMAN,STOM_HUMAN,PBIR1_HUMAN,XPA_HUMAN,RL6_HUMAN"
SDHB_HUMAN,6,"A0A1B0GV17_HUMAN,A0A2R8YCJ4_HUMAN,A0A024QZT0_HUMAN,ELMD2_HUMAN,CNOT8_HUMAN,NT2NC_HUMAN"
ABCD3_HUMAN,6,"FGD2_HUMAN,A0A0S2Z4N6_HUMAN,A0A0A0MTH5_HUMAN,A0A384MTS1_HUMAN,A0A384P5G6_HUMAN,A0A024R2L1_HUMAN"
MTMR1_HUMAN,6,"DDX43_HUMAN,TBC25_HUMAN,AGRF4_HUMAN,EREP3_HUMAN,E9PEB5_HUMAN,FXRD2_HUMAN"
DUS16_HUMAN,6,"TSG10_HUMAN,UBS3B_HUMAN,ZMYM5_HUMAN,THOP1_HUMAN,B7ZBM3_HUMAN,SYBU_HUMAN"
PADI2_HUMAN,6,"ZN540_HUMAN,C1QR1_HUMAN,L7RRS6_HUMAN,ARBK2_HUMAN,A0A7P0TAE0_HUMAN,C9JLG1_HUMAN"
MMP2_HUMAN,6,"MTMR7_HUMAN,SPG16_HUMAN,A0A087X1X7_HUMAN,K2C3_HUMAN,NET4_HUMAN,G3V153_HUMAN"
MTMR7_HUMAN,6,"PMGT1_HUMAN,TRI18_HUMAN,WDR48_HUMAN,DREB_HUMAN,KIF22_HUMAN,IDUA_HUMAN"
LOX15_HUMAN,6,"PABP1_HUMAN,PADI4_HUMAN,GALT3_HUMAN,HS71B_HUMAN,LRWD1_HUMAN,PPWD1_HUMAN"
DP13B_HUMAN,6,"SC5A2_HUMAN,KCNQ1_HUMAN,ANM5_HUMAN,ZBED1_HUMAN,TFE2_HUMAN,NCKX3_HUMAN"
GGT7_HUMAN,6,"KCC2B_HUMAN,DDX3X_HUMAN,FERM2_HUMAN,FOXO3_HUMAN,HNF1A_HUMAN,E2AK1_HUMAN"
LOX5_HUMAN,6,"FBX43_HUMAN,AHRR_HUMAN,A0A024R0K5_HUMAN,A0A0A6YYC0_HUMAN,A0A0B4J211_HUMAN,A0A669KB49_HUMAN"
GLE1_HUMAN,6,"A2ABH1_HUMAN,A0A1B0GV48_HUMAN,MYORG_HUMAN,A0A087WX20_HUMAN,A0A8I5KQQ5_HUMAN,A0A7I2V4F0_HUMAN"
ACSL1_HUMAN,6,"KELL_HUMAN,CC170_HUMAN,HNRPM_HUMAN,STT3A_HUMAN,BCL6_HUMAN,INT10_HUMAN"
SF01_HUMAN,6,"RTKN2_HUMAN,A0A0A0MSW9_HUMAN,ZN276_HUMAN,5NT1B_HUMAN,A0A7P0TAG1_HUMAN,A0A6Q8PHJ9_HUMAN"
PLPP2_HUMAN,6,"C9K0E8_HUMAN,B7Z8V7_HUMAN,A0A590UJ73_HUMAN,A0A0C4DGF1_HUMAN,A0A2R8Y6Q6_HUMAN,A0A6Q8PGZ3_HUMAN"
ADT1_HUMAN,6,"A0A140VJU2_HUMAN,UNG_HUMAN,FOXR2_HUMAN,H0YJH0_HUMAN,A0A384MTT5_HUMAN,TYSY_HUMAN"
CACP_HUMAN,6,"Q5RI18_HUMAN,A0A7I2V5W9_HUMAN,GLTL6_HUMAN,DDX52_HUMAN,A0A0D9SGD6_HUMAN,A0A8I5KS01_HUMAN"
ARH_HUMAN,6,"A0A0S2Z5U6_HUMAN,A0A0U3FYV6_HUMAN,TM165_HUMAN,E5RHS5_HUMAN,AKCL2_HUMAN,A0A3B3IRW9_HUMAN"
GDF15_HUMAN,6,"MRGX1_HUMAN,GGH_HUMAN,SKAP_HUMAN,YBOX1_HUMAN,ANXA5_HUMAN,D6REE5_HUMAN"
AK1BF_HUMAN,6,"LDHC_HUMAN,AB17C_HUMAN,CC038_HUMAN,A0A0A0MQS7_HUMAN,A0A8I5KRH9_HUMAN,A0A140VJF3_HUMAN"
AK1BA_HUMAN,6,"ALX1_HUMAN,Q53X93_HUMAN,SCAM2_HUMAN,HEM2_HUMAN,C9IYG1_HUMAN,CIA30_HUMAN"
EIF3G_HUMAN,6,"SNPC2_HUMAN,A0A2R8Y4T4_HUMAN,ARG39_HUMAN,MOGT2_HUMAN,WDR5_HUMAN,ELMD1_HUMAN"
M3K7_HUMAN,6,"A0A140VJY6_HUMAN,F1D8P2_HUMAN,A0A0D9SG72_HUMAN,I6QTG3_HUMAN,A0A7P0T8B5_HUMAN,A0A0U1RRM1_HUMAN"
EST2_HUMAN,6,"A0A7I2V2X6_HUMAN,A0A7N4I3A3_HUMAN,A0A087X1Q5_HUMAN,A0A3B3IUD2_HUMAN,INO1_HUMAN,A0A087WUY7_HUMAN"
GLPK_HUMAN,6,"H0YAY0_HUMAN,F5H324_HUMAN,J3KNN7_HUMAN,G3V1A6_HUMAN,F234A_HUMAN,K2C6B_HUMAN"
AAPK1_HUMAN,6,"X5D299_HUMAN,W6CJ52_HUMAN,ZNF69_HUMAN,ZN768_HUMAN,SMOX_HUMAN,NTNG1_HUMAN"
GGT1_HUMAN,6,"EHD2_HUMAN,NXP20_HUMAN,E7EV03_HUMAN,GALT1_HUMAN,E7EQM5_HUMAN,KCNN1_HUMAN"
MBD4_HUMAN,6,"PRIPO_HUMAN,ATPA_HUMAN,CDC6_HUMAN,S38A9_HUMAN,TGFR2_HUMAN,CBX4_HUMAN"
ABHGA_HUMAN,6,"PI51B_HUMAN,E9PDI4_HUMAN,G3V167_HUMAN,PA24C_HUMAN,THAS_HUMAN,A0A7P0T868_HUMAN"
G6PI_HUMAN,6,"PARP3_HUMAN,TPTE_HUMAN,OGFD1_HUMAN,NR5A2_HUMAN,CP1B1_HUMAN,ACBD5_HUMAN"
G3P_HUMAN,6,"A0A5F9UJX7_HUMAN,A0A087WU26_HUMAN,A0A2R8YES3_HUMAN,A0A384MTY4_HUMAN,A0A2R8Y6L6_HUMAN,A0A8I5KQW2_HUMAN"
DPOLB_HUMAN,6,"A0A2R8Y5D3_HUMAN,OR1E3_HUMAN,GALM_HUMAN,TRIB2_HUMAN,R4GMV1_HUMAN,PAX4_HUMAN"
NEIL2_HUMAN,6,"CAPG_HUMAN,SCRT1_HUMAN,OXDA_HUMAN,B4GT4_HUMAN,KHDR3_HUMAN,MO2R1_HUMAN"
MARC2_HUMAN,6,"MBIP1_HUMAN,FPR1_HUMAN,XRP2_HUMAN,ATF4_HUMAN,HPF1_HUMAN,DNJB1_HUMAN"
E2AK2_HUMAN,6,"MEPE_HUMAN,A0A5F9ZHN2_HUMAN,A0A0S2Z457_HUMAN,A0A087WYX0_HUMAN,A0A1B0GWI5_HUMAN,A0A7P0Z472_HUMAN"
DXO_HUMAN,6,"A0A7I2V5Z6_HUMAN,H0Y8E2_HUMAN,EFC4A_HUMAN,3BP5L_HUMAN,TUFT1_HUMAN,A0A090N7T4_HUMAN"
CXG1_HUMAN,6,"KT33B_HUMAN,BROX_HUMAN,K7EJU9_HUMAN,C9JYJ8_HUMAN,DPF1_HUMAN,E9PC90_HUMAN"
THIM_HUMAN,6,"CBPB1_HUMAN,E9PM00_HUMAN,Q6IAX1_HUMAN,LLR1_HUMAN,Q5T6W2_HUMAN,G137A_HUMAN"
SNIP1_HUMAN,6,"ZN787_HUMAN,ACADS_HUMAN,UBL7_HUMAN,S5FZ81_HUMAN,PGTB1_HUMAN,ZN684_HUMAN"
VEGFA_HUMAN,6,"A0A7P0TBP9_HUMAN,CHST4_HUMAN,H7C1M0_HUMAN,A0A5F9ZI09_HUMAN,CHSTE_HUMAN,SHLB2_HUMAN"
ASAH1_HUMAN,6,"LDH6B_HUMAN,TS101_HUMAN,PRELP_HUMAN,BCAT2_HUMAN,ACTZ_HUMAN,SPB10_HUMAN"
CHKB_HUMAN,6,"GNA12_HUMAN,ABD12_HUMAN,SIRPG_HUMAN,CAVN1_HUMAN,SPB3_HUMAN,E9PF18_HUMAN"
DUS4_HUMAN,6,"B8ZZD3_HUMAN,H7C2X4_HUMAN,H0Y3S0_HUMAN,RAD9A_HUMAN,PI2R_HUMAN,Q96J85_HUMAN"
CERS4_HUMAN,6,"NEIL1_HUMAN,ANM6_HUMAN,ATG4A_HUMAN,ACTS_HUMAN,ILF2_HUMAN,COX15_HUMAN"
BGAT_HUMAN,6,"SIA8D_HUMAN,I3L0A0_HUMAN,A0A024RBH9_HUMAN,A8K058_HUMAN,A0A2R8YF43_HUMAN,LFTY1_HUMAN"
PON3_HUMAN,6,"H7C1Y7_HUMAN,PRLHR_HUMAN,P2RY8_HUMAN,HRH2_HUMAN,LUC7L_HUMAN,KR106_HUMAN"
PON2_HUMAN,6,"SEPT2_HUMAN,GMDS_HUMAN,IST1_HUMAN,SETD7_HUMAN,TM129_HUMAN,A0A384N6H6_HUMAN"
VP37C_HUMAN,6,"CCD34_HUMAN,PAR6B_HUMAN,SEPT5_HUMAN,LPAR1_HUMAN,RBM4_HUMAN,DRG1_HUMAN"
ABD12_HUMAN,6,"ANR61_HUMAN,TEKT1_HUMAN,H3BNH2_HUMAN,PTN2_HUMAN,ZN114_HUMAN,H0Y3Z3_HUMAN"
P53_HUMAN,6,"PGFRL_HUMAN,PISD_HUMAN,H1UBN3_HUMAN,A0A0C4DGR2_HUMAN,PDK2_HUMAN,SIA7B_HUMAN"
B4GT1_HUMAN,6,"TIA1_HUMAN,GDN_HUMAN,WN10A_HUMAN,PPAP_HUMAN,PO4F2_HUMAN,TBC20_HUMAN"
B4GT3_HUMAN,6,"MAPK2_HUMAN,GATA1_HUMAN,P53_HUMAN,VEGFA_HUMAN,FOS_HUMAN,TGFB3_HUMAN"
CALR_HUMAN,6,"A0A0S2Z3P9_HUMAN,A0A7I2YQN9_HUMAN,A0A024RCM3_HUMAN,GPR83_HUMAN,A0A0A0MQU0_HUMAN,CLNK_HUMAN"
PGK1_HUMAN,6,"P78365_HUMAN,FXL20_HUMAN,IGS11_HUMAN,GPR22_HUMAN,H0Y5W8_HUMAN,ING1_HUMAN"
ARRB1_HUMAN,6,"TNR16_HUMAN,S67A1_HUMAN,PHAG1_HUMAN,J3QSV6_HUMAN,CXG2_HUMAN,ENOG_HUMAN"
BAAT_HUMAN,6,"THIK_HUMAN,HDAC3_HUMAN,SC65_HUMAN,SF3B4_HUMAN,ACOT4_HUMAN,AACT_HUMAN"
GSK3B_HUMAN,6,"A0A087WZ09_HUMAN,A0A140VK70_HUMAN,A0A804HHU6_HUMAN,EVA1C_HUMAN,G3V4F7_HUMAN,TET5A_HUMAN"
NEMO_HUMAN,6,"KCNJ5_HUMAN,KCNN4_HUMAN,TYY1_HUMAN,ACADM_HUMAN,HEMH_HUMAN,TRNT1_HUMAN"
ACL6A_HUMAN,6,"A0A1W2PR08_HUMAN,A0A087X0W8_HUMAN,A0A2R8YFL3_HUMAN,Q96B65_HUMAN,A0A7P0TA47_HUMAN,CC112_HUMAN"
WT1_HUMAN,6,"A0A090N8F8_HUMAN,CTSR4_HUMAN,A0A0A0MQU4_HUMAN,Q5U0Q1_HUMAN,A0A286YFA6_HUMAN,A0A024R2I8_HUMAN"
CMPK2_HUMAN,6,"GPR39_HUMAN,K1C27_HUMAN,Q5T6X2_HUMAN,HSP13_HUMAN,KREM2_HUMAN,A0A0C4DGS2_HUMAN"
BECN1_HUMAN,6,"A0A286YF62_HUMAN,KREM1_HUMAN,A0A2R8Y3N3_HUMAN,SSF1_HUMAN,NSUN6_HUMAN,ASB10_HUMAN"
INP5K_HUMAN,6,"NPT1_HUMAN,GFRA2_HUMAN,CR3L3_HUMAN,HTRA3_HUMAN,T151A_HUMAN,PROP_HUMAN"
TINF2_HUMAN,6,"G1UCX3_HUMAN,SF3A2_HUMAN,A0A7I2V5K0_HUMAN,CDK18_HUMAN,H0YML5_HUMAN,STF1_HUMAN"
IDHP_HUMAN,6,"S29A3_HUMAN,A0A024R5F7_HUMAN,B4DKA4_HUMAN,TBE_HUMAN,A0A8I5KU46_HUMAN,A0A0C4DGW3_HUMAN"
MOCS3_HUMAN,6,"A0A0A0MRY2_HUMAN,EDIL3_HUMAN,6PGD_HUMAN,A0A087X0U9_HUMAN,A0A1B0GWJ0_HUMAN,UMPS_HUMAN"
SMAD1_HUMAN,6,"CELF5_HUMAN,SCHI1_HUMAN,A0A494BZU6_HUMAN,B8ZZ60_HUMAN,A0A804HJQ7_HUMAN,D3YJ43_HUMAN"
