protein_id,mbl_avg,mbl_max,mbl_min,sim_lin_avg,sim_lin_max,sim_lin_min,sim_resnik_avg,sim_resnik_max,sim_resnik_min,sim_schlicker_avg,sim_schlicker_max,sim_schlicker_min,sim_wang_avg,sim_wang_max,sim_wang_min
HSL2_ARATH,11.166666666666666,14.0,7.0,0.02685187078961251,0.16111122473767506,0.0,0.20316212969956463,1.2189727781973878,0.0,0.018916241027608225,0.11349744616564934,0.0,0.0912584271510597,0.21622995884512097,0.04764058651268944
MPPA2_ARATH,3.0,3.0,3.0,0.27889289613989976,0.27889289613989976,0.27889289613989976,0.8902250615538259,0.8902250615538259,0.8902250615538259,0.16438969710634588,0.16438969710634588,0.16438969710634588,0.6815541612682516,0.6815541612682516,0.6815541612682516
F4I9D5_ARATH,8.0,8.0,8.0,0.022405618079414966,0.0672168542382449,0.0,0.11742178001660429,0.35226534004981286,0.0,0.00665237278506518,0.01995711835519554,0.0,0.05439435910350037,0.1631830773105011,0.0
RYR2_MOUSE,11.185344827586206,21.0,1.0,0.038681133729562556,0.9828086643310231,0.0,0.24747751039522006,8.223224734321748,0.0,0.03393194686296845,0.9825449292808873,0.0,0.06348702839541953,0.9291044979282633,0.0
NDK2_ARATH,7.714285714285714,11.0,4.0,0.060995953250853635,0.537207441556761,0.0,0.36614571491206566,3.2304749607115526,0.0,0.05075779069059209,0.5159669496335942,0.0,0.07489774344553216,0.4206695081653178,0.0
Y2778_ARATH,8.0,11.0,4.0,0.027103863957378977,0.27103863957378976,0.0,0.1620574192448777,1.620574192448777,0.0,0.021743123520632138,0.21743123520632138,0.0,0.09435122123035743,0.4280466585035767,0.0
DRE2A_ARATH,8.6875,16.0,1.0,0.12240757064255041,0.8303783425981751,0.0,0.6061148316783836,4.199034121131464,0.0,0.1083824430028647,0.8179143074356179,0.0,0.11960232744801244,0.887711103126123,0.0
HIS2_ARATH,8.0,8.0,8.0,0.0749897938058287,0.2249693814174861,0.0,0.6946263734667012,2.0838791204001037,0.0,0.06565757406144307,0.1969727221843292,0.0,0.08430918406461402,0.25292755219384205,0.0
FOXL2_MOUSE,10.93421052631579,17.0,1.0,0.06783601984180765,1.0,0.0,0.39604783952852574,9.298900548955663,0.0,0.05806175918486289,0.9999084751967783,0.0,0.07733097433185489,0.9192078040018246,0.0
CO4B_MOUSE,9.0,9.0,9.0,0.21717489456956485,0.6515246837086945,0.0,1.4418736804677252,4.325621041403176,0.0,0.2143026840382357,0.6429080521147071,0.0,0.10383769491190353,0.3115130847357106,0.0
SYA_ECOLI,8.344827586206897,20.0,1.0,0.07215507197819283,0.9344599392766966,0.0,0.48089842021346196,7.2116238226432685,0.0,0.0653098629530229,0.9337703472109483,0.0,0.1009750949979704,0.9250419764931636,0.0
RS7_ECOLI,6.714285714285714,17.0,2.0,0.021197559766991586,0.5688383278598281,0.0,0.08911769556747666,2.4478970925024517,0.0,0.018599679064829205,0.5196478941679378,0.0,0.07116012180117112,0.7025226082817706,0.0
ALDOA_MOUSE,4.12,21.0,1.0,0.030813097071279848,0.9737825699341752,0.0,0.13551150647262755,7.047608750349168,0.0,0.02371143715446203,0.972935879982283,0.0,0.1762234798407551,0.8784089564126785,0.0
LDHA_MOUSE,3.2,5.0,2.0,0.135291257935564,0.9833300585352761,0.0,1.1129518295473713,7.41229451810542,0.0,0.13401304985975782,0.9827363398631429,0.0,0.11461526481391485,0.6298422122457337,0.0
MCP2_ECOLI,8.133333333333333,16.0,1.0,0.030147028980427613,0.8290742618343422,0.0,0.15574288519639648,3.630745251942613,0.0,0.024175192568842273,0.741917454622856,0.0,0.059243309698957934,0.7469635627530365,0.0
PUTA_ECOLI,7.125,13.0,1.0,0.06416562188074637,0.9378012416231901,0.0,0.1995875528864191,2.6369128441398857,0.0,0.04615542324288928,0.8123500356795003,0.0,0.10131624121217336,0.841611758743031,0.0
RL10_ECOLI,6.285714285714286,15.0,1.0,0.048434053061023316,0.9924217686655532,0.0,0.2622427317271685,5.459698982883643,0.0,0.047111537910295605,0.9881991764689277,0.0,0.10258633629942555,0.8581737315058546,0.0
TUSA_ECOLI,13.0,16.0,8.0,0.02932589355357258,0.1644323619610293,0.0,0.23817652503724454,1.3817285601098872,0.0,0.02043223897875957,0.12313615097612501,0.0,0.0289432460615272,0.14114913984739555,0.0
SYT_ECOLI,9.27659574468085,21.0,1.0,0.06657400486090469,1.0,0.0,0.42022201581691154,6.526311826715881,0.0,0.0599757175926195,0.9985356031484532,0.0,0.08710171893253629,0.9236683361113986,0.0
RS12_ECOLI,7.625,17.0,2.0,0.02233842249853144,0.4192273222324112,0.0,0.16309705447855682,2.9410582824475635,0.0,0.017648946648597234,0.3970880063868958,0.0,0.07558766560570349,0.7025226082817706,0.0
ISCS_ECOLI,9.74074074074074,16.0,1.0,0.057137204127590865,0.9442784092433052,0.0,0.47559886466574913,7.83127694736464,0.0,0.053452761108402705,0.9434212892258381,0.0,0.06891951518431157,0.869122007605582,0.0
PYRH_ECOLI,10.0,10.0,10.0,0.0,0.0,0.0,0.0,0.0,0.0,0.0,0.0,0.0,0.01601703398852748,0.09610220393116488,0.0
TIG_ECOLI,6.083333333333333,9.0,4.0,0.012876634536298089,0.26505854742302015,0.0,0.07267672023416881,1.643273189724334,0.0,0.008308352060864223,0.21381049860084092,0.0,0.07209476193983987,0.4070601213458357,0.0
THIO_ECOLI,9.0,9.0,9.0,0.0,0.0,0.0,0.0,0.0,0.0,0.0,0.0,0.0,0.017247574559827523,0.10348544735896513,0.0
CYSK_ECOLI,6.117647058823529,9.0,1.0,0.056597027354277823,0.8290742618343422,0.0,0.2641961321304559,4.923143527295377,0.0,0.04662052384569062,0.741917454622856,0.0,0.09352356962879099,0.7469635627530365,0.0
RL14_ECOLI,5.333333333333333,7.0,2.0,0.00411555760265605,0.0246933456159363,0.0,0.007899730564482468,0.04739838338689481,0.0,0.0001905199412133283,0.0011431196472799698,0.0,0.1509867390623368,0.5901639344262294,0.0
G3P1_ECOLI,10.0,13.0,8.0,0.014675075767439738,0.14675075767439738,0.0,0.06208233986559303,0.6208233986559303,0.0,0.006787197929741686,0.06787197929741685,0.0,0.04007861463284669,0.22796642822441496,0.0
LON_ECOLI,7.636363636363637,15.0,1.0,0.06370306783010544,0.7733219645217385,0.0,0.33888812468663065,3.5550797491722688,0.0,0.05754485621666755,0.7512211221169176,0.0,0.08485322832636866,0.7950819672131145,0.0
ADHE_ECOLI,10.166666666666666,14.0,4.0,0.040434450589745735,0.8612520987419591,0.0,0.3298575864092004,7.912606187835772,0.0,0.03569290959753789,0.8609367950265127,0.0,0.041549778131670934,0.29430586500929756,0.0
HOLE_ECOLI,3.5,5.0,2.0,0.0922060807078407,0.922060807078407,0.0,0.8200288260287554,8.200288260287554,0.0,0.09218076327766281,0.9218076327766281,0.0,0.10103455616447934,0.796695710012746,0.0
MOG_ECOLI,9.0,9.0,9.0,0.0,0.0,0.0,0.0,0.0,0.0,0.0,0.0,0.0,0.018689855932360524,0.11213913559416314,0.0
RIBF_ECOLI,5.0,5.0,5.0,0.3162745606343297,0.3162745606343297,0.3162745606343297,2.675121885513081,2.675121885513081,2.675121885513081,0.29448373990633714,0.29448373990633714,0.29448373990633714,0.4028934079432238,0.4028934079432238,0.4028934079432238
SLMA_ECOLI,5.777777777777778,13.0,1.0,0.11787107069230375,0.9378012416231901,0.0,0.3901940282257049,4.177917197690542,0.0,0.09019779495843315,0.8123500356795003,0.0,0.12000120634523007,0.841611758743031,0.0
RNH2_ECOLI,0.0,0.0,0.0,0.0,0.0,0.0,0.0,0.0,0.0,0.0,0.0,0.0,0.0,0.0,0.0
PARP1_MOUSE,10.178743961352657,18.0,1.0,0.052242892292919396,1.0,0.0,0.3676829279231344,9.60951909544164,0.0,0.046792447897482776,0.9999329129209714,0.0,0.07942438203720434,0.9342509446824269,0.0
VATB1_ARATH,12.0,17.0,1.0,0.08175953633143605,0.9751434008361439,0.0,0.5406809185269317,6.996315455961617,0.0,0.06594315854529739,0.9742509027573995,0.0,0.07223327378146287,0.8553712751005264,0.0
MOEB_ECOLI,9.0,10.0,8.0,0.0,0.0,0.0,0.0,0.0,0.0,0.0,0.0,0.0,0.02239473665012302,0.14114913984739555,0.0
MOEA_ECOLI,4.666666666666667,7.0,1.0,0.08290742618343422,0.8290742618343422,0.0,0.22526008530856184,2.2526008530856183,0.0,0.0741917454622856,0.741917454622856,0.0,0.10499599530408261,0.7469635627530365,0.0
ATF2_MOUSE,10.141145139813581,21.0,1.0,0.046305452417519134,0.9378012416231901,0.0,0.28201507924290303,6.696210863511279,0.0,0.03243795451492377,0.8842146147398136,0.0,0.0937731469568054,0.9202459436448905,0.0
HXK1_MOUSE,10.571428571428571,26.0,1.0,0.05740431566540158,0.9429898050710609,0.0,0.39401292541937516,6.836930373201858,0.0,0.0541367477645401,0.9419776061658458,0.0,0.08361496999859357,0.9022741203107214,0.0
PORB_ARATH,5.0,5.0,5.0,0.061306062585345246,0.18391818775603574,0.0,0.2069411328853101,0.6208233986559303,0.0,0.028353951124605536,0.08506185337381661,0.0,0.10947795235681702,0.3284338570704511,0.0
TGM2_MOUSE,10.954545454545455,16.0,3.0,0.027485217184026176,0.5871030536825231,0.0,0.20304359605371933,5.221363105049943,0.0,0.021648754554683812,0.583932718686434,0.0,0.0748602695264867,0.7191818982405063,0.0
DACB_ECOLI,7.25,14.0,2.0,0.07869390370658605,0.852069613720889,0.0,0.4754528509804487,5.80285660567132,0.0,0.07540532580296379,0.8494972849527794,0.0,0.0944448666769909,0.6720933833095688,0.0
MALY_ECOLI,7.0,9.0,2.0,0.13762741901030545,0.7604213387031643,0.0,0.8639686761125395,6.054171033952225,0.0,0.11407539377114854,0.7586358330776034,0.0,0.2089350398913678,0.7025226082817706,0.08074577696782788
NECD_MOUSE,9.390532544378699,19.0,2.0,0.03739283984846078,0.8221207222271811,0.0,0.1889526280095388,3.651688425787856,0.0,0.027821559024187596,0.7775383931113469,0.0,0.09352180107786333,0.7025226082817705,0.0
RIBD_ECOLI,10.666666666666666,12.0,8.0,0.01546144676545,0.0927686805927,0.0,0.14321853881932148,0.8593112329159289,0.0,0.008914240809222951,0.053485444855337703,0.0,0.05249375892757608,0.1802957977932546,0.0
G3PC1_ARATH,10.081632653061224,22.0,2.0,0.04962388935150331,0.8276383278967976,0.0,0.2805509693128281,5.435131825546002,0.0,0.04322247393319876,0.8080192242060351,0.0,0.07770457327853805,0.6745382985165003,0.0
LYN_MOUSE,10.589613034623218,20.0,1.0,0.0744521801286849,0.9088833831503598,0.0,0.4833748383540347,6.25437811123224,0.0,0.05803667480145293,0.9040170388418941,0.0,0.0990640728928224,0.9112468048849759,0.0
TKT1_ECOLI,7.2,11.0,3.0,0.0989982638311941,0.6412869199920249,0.0,0.5309313861939879,3.1356283990893643,0.0,0.08451426619382803,0.6134086210416135,0.0,0.11333278409457767,0.6548563097788872,0.0
KIF3A_MOUSE,9.469072164948454,17.0,1.0,0.045414835623985454,0.9711569561824829,0.0,0.267876080066418,7.912606187835772,0.0,0.03829098414234652,0.9708014163852351,0.0,0.09324908141869448,0.9349388821063396,0.0
MOAE_ECOLI,0.0,0.0,0.0,0.0,0.0,0.0,0.0,0.0,0.0,0.0,0.0,0.0,0.0,0.0,0.0
HCHA_ECOLI,8.0,12.0,1.0,0.06447833406618628,0.6206282735462412,0.0,0.4474667120210568,4.183905239535164,0.0,0.05274453021573605,0.6111705939246551,0.0,0.10278598904238946,0.9342509446824269,0.0
AIMP1_MOUSE,9.5,14.0,5.0,0.0,0.0,0.0,0.0,0.0,0.0,0.0,0.0,0.0,0.023401203749001336,0.186046511627907,0.0
MMP12_MOUSE,11.479166666666666,19.0,2.0,0.06756932053219346,0.9159458961610933,0.0,0.42164069748739164,7.101675971619444,0.0,0.05733266551665117,0.9151914102499228,0.0,0.07911066855631846,0.7109158186864013,0.0
FOLR1_MOUSE,11.676470588235293,15.0,1.0,0.04808646725440006,0.9350556960167792,0.0,0.3212063924077904,6.947525291792186,0.0,0.04046590516631428,0.9341570977366972,0.0,0.06512478963292362,0.8145400593471809,0.0
ACNB_ECOLI,8.818181818181818,21.0,1.0,0.05247085089119401,0.6476706938483296,0.0,0.31628249534267966,4.855928904335275,0.0,0.04587123853311988,0.6066101272518805,0.0,0.09322121514197988,0.8581737315058546,0.0
PSY_ARATH,0.0,0.0,0.0,0.0,0.0,0.0,0.0,0.0,0.0,0.0,0.0,0.0,0.0,0.0,0.0
DEGQ_ECOLI,5.333333333333333,8.0,2.0,0.07733219645217385,0.7733219645217385,0.0,0.35550797491722685,3.5550797491722688,0.0,0.07512211221169177,0.7512211221169176,0.0,0.0905530754809741,0.6550725625127751,0.0
RSMC_ECOLI,6.285714285714286,11.0,1.0,0.07163937069799191,0.9899109749263932,0.0,0.5509372215459487,7.817759626213584,0.0,0.0683849954545092,0.9888690587437414,0.0,0.1083183299851423,0.9454881263545111,0.0
STAT3_MOUSE,10.319148936170214,21.0,1.0,0.04466581601171397,0.9782000053461355,0.0,0.24532475290917363,5.229873794717852,0.0,0.03254149858772567,0.9316721773714669,0.0,0.0760401791105137,0.9157215760618685,0.0
H14_MOUSE,8.75,15.0,1.0,0.05877887519344263,0.8816831279016395,0.0,0.19430331172975845,2.9145496759463767,0.0,0.0555913881394325,0.8338708220914874,0.0,0.06617848124308674,0.6890651597349529,0.0
FTSK_ECOLI,7.297297297297297,14.0,1.0,0.046607285146969116,0.9637560623925677,0.0,0.18973621815532454,5.717698797331012,0.0,0.03562804476914074,0.9383081744189035,0.0,0.08719253096097368,0.8710276516714818,0.0
HCLS1_MOUSE,10.565217391304348,16.0,2.0,0.07158268489063647,0.8221207222271811,0.0,0.3842961029792941,6.185385239745289,0.0,0.059734566341229985,0.7775383931113469,0.0,0.07356677556207716,0.8544700889851375,0.0
ADT2_MOUSE,11.875,19.0,4.0,0.03699062355920869,0.7615922946422107,0.0,0.2608932037035661,6.773171904647407,0.0,0.032198235764490914,0.7607209873309323,0.0,0.050391984275070405,0.8429165852160073,0.0
FDFT1_ARATH,7.0,7.0,7.0,0.002160353378826033,0.012962120272956196,0.0,0.007899730564482468,0.04739838338689481,0.0,0.00010000841647030369,0.0006000504988218221,0.0,0.03594907214779063,0.21569443288674378,0.0
PMS2_MOUSE,11.714285714285714,22.0,1.0,0.15933204361798992,0.9079847158790298,0.0,0.9204175492504577,6.813993899167663,0.0,0.1499541754126392,0.9057406545044725,0.0,0.16280638534623007,0.9342509446824269,0.0
RL4_ECOLI,7.653846153846154,19.0,1.0,0.04898859893020639,0.9924217686655532,0.0,0.29878418575510923,5.802392987489183,0.0,0.046290622227486034,0.9881991764689277,0.0,0.0847952027811423,0.921159220329528,0.0
SYCP2_ARATH,11.0,11.0,11.0,0.23612472529651482,0.7083741758895444,0.0,1.4465195164156526,4.3395585492469575,0.0,0.23304511946137355,0.6991353583841207,0.0,0.13389430907775804,0.40168292723327415,0.0
OPGH_ECOLI,11.0,11.0,11.0,0.01634980182205505,0.04904940546616515,0.0,0.11742178001660429,0.35226534004981286,0.0,0.004854361807683195,0.014563085423049585,0.0,0.03297469719786285,0.09892409159358855,0.0
RL32_MOUSE,5.0,8.0,2.0,0.004289303701572522,0.0246933456159363,0.0,0.009479676677378961,0.04739838338689481,0.0,0.00019856310322137512,0.0011431196472799698,0.0,0.13291854835524153,0.5901639344262294,0.0
MK01_MOUSE,9.745075318655852,16.0,1.0,0.04119474088585075,0.9350556960167792,0.0,0.2501712548354807,6.947525291792186,0.0,0.03077473423460664,0.9341570977366972,0.0,0.08490602557826246,0.9112468048849759,0.0
YHBS_ECOLI,0.0,0.0,0.0,0.0,0.0,0.0,0.0,0.0,0.0,0.0,0.0,0.0,0.0,0.0,0.0
QUEE_ECOLI,10.5,19.0,2.0,0.0019052527111503082,0.011431516266901849,0.0,0.007899730564482468,0.04739838338689481,0.0,8.819913838422034e-05,0.0005291948303053221,0.0,0.10497162298973443,0.5901639344262294,0.0
AMPA_ECOLI,6.888888888888889,8.0,4.0,0.03997475663814847,0.4025173443675994,0.0,0.28124222235505447,2.6583713338579242,0.0,0.029177694415594316,0.3743160788437666,0.0,0.1040486399426936,0.4142086614088324,0.0
DHAL_ECOLI,6.6,10.0,2.0,0.09574869581793924,0.8241911927473546,0.0,0.507658709570739,4.566093978522392,0.0,0.088633468956412,0.815620842896567,0.0,0.0847582485246729,0.8431955843876565,0.0
DHAK_ECOLI,7.105263157894737,11.0,1.0,0.09315251861759549,0.8290742618343422,0.0,0.5892535674531884,4.567097712034205,0.0,0.08237771658161949,0.741917454622856,0.0,0.09628368177270308,0.7469635627530365,0.0
HXK2_ARATH,3.6666666666666665,9.0,1.0,0.1775667456222393,0.9733286824951548,0.0,1.3092284505960234,6.836930373201858,0.0,0.1732820893081909,0.9722839180432615,0.0,0.18650650888157808,0.9022741203107214,0.0
PRDX5_MOUSE,0.0,0.0,0.0,0.0,0.0,0.0,0.0,0.0,0.0,0.0,0.0,0.0,0.0,0.0,0.0
PTR7_ARATH,10.133333333333333,13.0,3.0,0.04874105407274982,0.45443331154168715,0.0,0.27812745707225733,2.431967264493781,0.0,0.042095223399295646,0.41450506890211003,0.0,0.06932292135039567,0.45097432725023195,0.0
DRTS1_ARATH,0.0,0.0,0.0,0.0,0.0,0.0,0.0,0.0,0.0,0.0,0.0,0.0,0.0,0.0,0.0
EF1A3_ARATH,0.0,0.0,0.0,0.0,0.0,0.0,0.0,0.0,0.0,0.0,0.0,0.0,0.0,0.0,0.0
FOLC_ARATH,7.0,9.0,5.0,0.019658357895774872,0.19658357895774872,0.0,0.17528123023457987,1.7528123023457987,0.0,0.016251841161252768,0.16251841161252767,0.0,0.04760135917701579,0.39865662158482346,0.0
NAC2_ARATH,9.0,10.0,8.0,0.03244094208489437,0.19464565250936622,0.0,0.10347056644265505,0.6208233986559303,0.0,0.015003881305062512,0.09002328783037507,0.0,0.04163569736667725,0.1978701477155617,0.0
YY1_ARATH,9.82089552238806,16.0,1.0,0.12332951052869538,0.9637560623925677,0.0,0.5036575816027594,3.634205463007509,0.0,0.103788004285295,0.9383081744189035,0.0,0.11259165394168352,0.8710276516714818,0.0
CNX1_ARATH,10.0,11.0,9.0,0.0,0.0,0.0,0.0,0.0,0.0,0.0,0.0,0.0,0.034030682794341904,0.12185833968012186,0.0
APXT_ARATH,8.0,11.0,3.0,0.08624202334994231,0.25872607004982695,0.0,0.7196145936248501,2.1588437808745504,0.0,0.07628464531077407,0.2288539359323222,0.0,0.2950017044598767,0.6931331977274322,0.08978045872203129
TTBK2_MOUSE,8.68041237113402,17.0,1.0,0.031080419378593193,0.8625509493063813,0.0,0.1886763634863737,3.1819052794004716,0.0,0.02346739429403737,0.8267494798289473,0.0,0.1030692655147535,0.8416117587430311,0.0
TRXH3_ARATH,7.4375,12.0,1.0,0.05889206357364227,0.8303783425981751,0.0,0.3115655603583477,4.199034121131464,0.0,0.04880418733824629,0.8179143074356179,0.0,0.09728854802411524,0.887711103126123,0.0
HXK1_ARATH,9.405405405405405,17.0,1.0,0.051303966843285004,0.9733286824951548,0.0,0.332994814259284,6.836930373201858,0.0,0.043140675543000696,0.9722839180432615,0.0,0.08112040855866035,0.9022741203107214,0.0
APXS_ARATH,0.0,0.0,0.0,0.0,0.0,0.0,0.0,0.0,0.0,0.0,0.0,0.0,0.0,0.0,0.0
TPS1L_ARATH,0.0,0.0,0.0,0.0,0.0,0.0,0.0,0.0,0.0,0.0,0.0,0.0,0.0,0.0,0.0
NFAC2_MOUSE,8.971153846153847,20.0,1.0,0.04531025075566393,0.9624051862996145,0.0,0.18570591798549857,4.3152939272473265,0.0,0.0382813977699635,0.9017628874322595,0.0,0.07325896599359702,0.8479692190453654,0.0
SF3A2_MOUSE,0.0,0.0,0.0,0.0,0.0,0.0,0.0,0.0,0.0,0.0,0.0,0.0,0.0,0.0,0.0
GEX1_ARATH,3.3333333333333335,4.0,2.0,0.21891957755894884,0.8412294398788841,0.0,1.048099531839489,4.288265254859407,0.0,0.21167008290561856,0.8296804360365052,0.0,0.17915993353054963,0.7665296974224879,0.0
MYLK_MOUSE,8.6,14.0,1.0,0.09881319699730043,0.8960029067978729,0.0,0.6768870604180609,6.163406333026513,0.0,0.0934337526658203,0.8941167575340663,0.0,0.12118315971754444,0.8691220076055819,0.0
ANO6_MOUSE,10.706827309236948,17.0,1.0,0.10082497407261468,1.0,0.0,0.7263692733998073,8.382609817081509,0.0,0.0875403692201118,0.9997711879919459,0.0,0.09653326361389898,0.9436538148080299,0.0
ERL2_ARATH,6.0,7.0,5.0,0.10632875122787953,0.2819593834446114,0.0,0.6837917797420987,1.6648051220578166,0.0,0.07990069883880725,0.22860490556874338,0.0,0.1278278114773341,0.3352799725180351,0.0
AKNA_MOUSE,9.076923076923077,13.0,1.0,0.04433871323585321,0.9418276843246374,0.0,0.3911968520366041,8.8934354408475,0.0,0.038552398756896256,0.9416983834344226,0.0,0.09170159334736526,0.9115117118284463,0.0
AGO4_MOUSE,10.88888888888889,14.0,6.0,0.03711210784783704,0.41338417595170884,0.0,0.20476611731207706,2.521823593615642,0.0,0.02884702209988848,0.3801840464992446,0.0,0.05158321774295525,0.5218106851785387,0.0
XDH1_ARATH,9.2,13.0,2.0,0.11409936857007381,0.8713385599589974,0.0,0.7624586986073484,6.813993899167663,0.0,0.10447009076826026,0.870381570876121,0.0,0.14329414026798615,0.701751226759105,0.0
EF1A4_ARATH,0.0,0.0,0.0,0.0,0.0,0.0,0.0,0.0,0.0,0.0,0.0,0.0,0.0,0.0,0.0
WAKLF_ARATH,0.0,0.0,0.0,0.0,0.0,0.0,0.0,0.0,0.0,0.0,0.0,0.0,0.0,0.0,0.0
ADCS_ARATH,0.0,0.0,0.0,0.0,0.0,0.0,0.0,0.0,0.0,0.0,0.0,0.0,0.0,0.0,0.0
THAL_ARATH,0.0,0.0,0.0,0.0,0.0,0.0,0.0,0.0,0.0,0.0,0.0,0.0,0.0,0.0,0.0
BH104_ARATH,17.0,17.0,17.0,0.0,0.0,0.0,0.0,0.0,0.0,0.0,0.0,0.0,0.008748284231364133,0.026244852694092397,0.0
AIMP2_MOUSE,13.090909090909092,20.0,8.0,0.013422542232596413,0.17213998126883695,0.0,0.06928113828846974,0.8830758519277144,0.0,0.005765563324722804,0.10095853926145956,0.0,0.029828152611398574,0.1782604563639662,0.0
Q8RWT5_ARATH,0.0,0.0,0.0,0.0,0.0,0.0,0.0,0.0,0.0,0.0,0.0,0.0,0.0,0.0,0.0
P2C31_ARATH,0.0,0.0,0.0,0.0,0.0,0.0,0.0,0.0,0.0,0.0,0.0,0.0,0.0,0.0,0.0
RL101_ARATH,7.6,12.0,4.0,0.012967133053838379,0.19663643331834477,0.0,0.06553421681672879,1.1261714440901909,0.0,0.006802636232043889,0.12047023805194763,0.0,0.05308365337380865,0.4363958903097051,0.0
FREE1_ARATH,10.5,15.0,3.0,0.05326068686921667,0.7989103030382501,0.0,0.46006701841048614,6.901005276157292,0.0,0.05320706545647995,0.7981059818471993,0.0,0.04591943836455023,0.5436595674663979,0.0
ANKR1_MOUSE,7.0,16.0,1.0,0.02361508285314491,0.6147093376929372,0.0,0.10989577413653374,3.1472322503073453,0.0,0.01681175473955919,0.5283768222982961,0.0,0.07898759676939851,0.7641509433962265,0.0
CAP12_ARATH,10.0,10.0,10.0,0.0,0.0,0.0,0.0,0.0,0.0,0.0,0.0,0.0,0.03170000966463709,0.09510002899391128,0.0
PDAT1_ARATH,0.0,0.0,0.0,0.0,0.0,0.0,0.0,0.0,0.0,0.0,0.0,0.0,0.0,0.0,0.0
RL11_MOUSE,8.444444444444445,15.0,2.0,0.0062672424442978955,0.12066360322939053,0.0,0.0366168215031571,0.8830758519277144,0.0,0.00261806548701983,0.07076810996649592,0.0,0.06428746926011777,0.5901639344262294,0.0
GARS_MOUSE,6.0,6.0,6.0,0.08943409180623679,0.5366045508374208,0.0,0.5037638328219985,3.022582996931991,0.0,0.08508085808695665,0.5104851485217399,0.0,0.057824792041430116,0.3469487522485807,0.0
AROD5_ARATH,0.0,0.0,0.0,0.0,0.0,0.0,0.0,0.0,0.0,0.0,0.0,0.0,0.0,0.0,0.0
POT7_ARATH,0.0,0.0,0.0,0.0,0.0,0.0,0.0,0.0,0.0,0.0,0.0,0.0,0.0,0.0,0.0
RGS1_MOUSE,0.0,0.0,0.0,0.0,0.0,0.0,0.0,0.0,0.0,0.0,0.0,0.0,0.0,0.0,0.0
APRR1_ARATH,9.363636363636363,16.0,1.0,0.02378417279255366,0.6659568381915025,0.0,0.06150123811577935,1.7220346672418219,0.0,0.019533889305691037,0.5469489005593491,0.0,0.059456574299102845,0.666242412066014,0.0
PUMPK_ARATH,9.2,12.0,2.0,0.015255003457078666,0.476909984344113,0.0,0.07909891155386554,2.4478970925024517,0.0,0.012618265257649999,0.4356690766680389,0.0,0.047502040672874446,0.7289679098005204,0.0
WHY1_ARATH,8.375,18.0,1.0,0.06751510475224667,0.7948972872055565,0.0,0.32664562866998853,6.590850347853453,0.0,0.05691685651636153,0.7938059949386626,0.0,0.08449466780998259,0.841611758743031,0.0
DRL21_ARATH,4.0,4.0,4.0,0.21745632897981573,0.6523689869394472,0.0,0.8947249829173006,2.684174948751902,0.0,0.2026089537813037,0.6078268613439111,0.0,0.24303716189100247,0.7291114856730074,0.0
FQR1_ARATH,6.0,6.0,6.0,0.07192571206371762,0.21577713619115285,0.0,0.375390481363397,1.1261714440901909,0.0,0.04860219038682292,0.14580657116046875,0.0,0.062015503875969,0.186046511627907,0.0
SIR_ARATH,5.0,7.0,3.0,0.03596746507679938,0.5294469440001435,0.0,0.34234192678529957,5.087730518392599,0.0,0.035109675213066203,0.5261791914945744,0.0,0.07093075310459017,0.6028864482163928,0.0
BAME2_ARATH,6.833333333333333,9.0,3.0,0.06592291485852322,0.33628022139648484,0.0,0.38328068407171323,2.168001718659316,0.0,0.05596458442004306,0.2978077450331674,0.0,0.13535094084752905,0.5527169842722809,0.0
MPI1_ARATH,6.466666666666667,11.0,2.0,0.16562250256783675,0.7088658596081471,0.0,1.0719897712305058,4.103169771182728,0.0,0.14523959144214146,0.6971552347079759,0.0,0.21194516975723432,0.7025226082817706,0.0
Y3550_ARATH,7.6,11.0,4.0,0.02169526356588418,0.27103863957378976,0.0,0.131522635499906,1.620574192448777,0.0,0.015572004723917367,0.21743123520632138,0.0,0.10848422197891923,0.4280466585035767,0.0
F26_ARATH,8.333333333333334,12.0,2.0,0.10237724786718083,0.34016680104136987,0.0,0.8663751208076874,3.007331409397343,0.0,0.08429953849726556,0.32335460329632687,0.0,0.25634534467920406,0.8214795772636392,0.0688861315832748
RPK2_ARATH,6.7555555555555555,10.0,2.0,0.06964143873524606,0.6530043763250818,0.0,0.4828903615375982,5.448752947245604,0.0,0.05999426062407624,0.6501953697639177,0.0,0.1695265056715551,0.6537842190016104,0.0
MAX2_ARATH,9.944444444444445,17.0,4.0,0.03638698522423118,0.5897597870193092,0.0,0.20711934839334395,2.168001718659316,0.0,0.027068891266255793,0.5214240840752816,0.0,0.09659903613764445,0.3902439024390244,0.0
AKH1_ARATH,9.0,9.0,9.0,0.03531180131821083,0.1059354039546325,0.0,0.28643707763864296,0.8593112329159289,0.0,0.020358890415182067,0.0610766712455462,0.0,0.05573699107337254,0.1672109732201176,0.0
MDHP_ARATH,8.666666666666666,12.0,2.0,0.008201978445890209,0.42406416093803856,0.0,0.034544376213568415,1.643273189724334,0.0,0.005494477545618854,0.34207298942224074,0.0,0.051758963327372454,0.5901639344262294,0.0
MLF1_MOUSE,4.318181818181818,11.0,1.0,0.07852239646682804,0.935969098190625,0.0,0.34943654409037017,4.0373941842407195,0.0,0.06503327402136481,0.919455432249893,0.0,0.20088495788969551,0.8962965421119004,0.0
HXKL2_ARATH,4.25,8.0,1.0,0.3811762539240197,0.9637560623925677,0.0,1.5365352339741791,3.634205463007509,0.0,0.32805455321151594,0.9383081744189035,0.0,0.36459556878310156,0.8710276516714818,0.0
IQD1_ARATH,9.0,9.0,9.0,0.004726770065112586,0.014180310195337758,0.0,0.015799461128964937,0.04739838338689481,0.0,0.00021881456703533623,0.0006564437011060087,0.0,0.053421544834835306,0.16026463450450593,0.0
DHQSD_ARATH,13.0,13.0,13.0,0.0,0.0,0.0,0.0,0.0,0.0,0.0,0.0,0.0,0.02181922523409964,0.06545767570229892,0.0
PEPR1_ARATH,6.0,10.0,3.0,0.15433429345844726,0.928273718355073,0.0,0.670367152168369,3.9075483164404368,0.0,0.1263819756274261,0.9096249831199514,0.0,0.1355354475691232,0.5216383307573416,0.0
HAL3A_ARATH,13.0,13.0,13.0,0.0,0.0,0.0,0.0,0.0,0.0,0.0,0.0,0.0,0.012435182823903728,0.037305548471711185,0.0
AIRE_MOUSE,11.18421052631579,20.0,2.0,0.04580170264642756,0.8457532178243108,0.0,0.2616658675217182,5.049799277707613,0.0,0.037784122366543646,0.8403314152706064,0.0,0.07945444358380135,0.7977532452963696,0.0
AROD3_ARATH,11.0,18.0,2.0,0.05710897002727218,0.8388713495118214,0.0,0.44481001886106863,6.624751899529135,0.0,0.05590535868985428,0.8377580752515321,0.0,0.08061361215539463,0.8646911494300434,0.0
RPK1_ARATH,8.344827586206897,11.0,3.0,0.06875460819365935,0.6530043763250818,0.0,0.3465541758717175,5.448752947245604,0.0,0.060433427074689065,0.6501953697639177,0.0,0.09285780829893914,0.571101791841403,0.0
PSKR1_ARATH,7.428571428571429,12.0,1.0,0.0812984489853565,0.9064658587668947,0.0,0.3372696851711491,3.340422811735378,0.0,0.07032148837519578,0.8743570453072864,0.0,0.11906100640855305,0.9112468048849759,0.0
PS6AB_ARATH,10.76923076923077,16.0,2.0,0.05511265268987003,0.8412294398788841,0.0,0.2600304234135544,4.288265254859407,0.0,0.047901253316376555,0.8296804360365052,0.0,0.07749803099438786,0.7665296974224879,0.0
BRI1_ARATH,8.907407407407407,14.0,1.0,0.026578610282647477,0.9064658587668947,0.0,0.11304670409519194,3.340422811735378,0.0,0.021373774236091762,0.8743570453072864,0.0,0.05685224393957879,0.9112468048849759,0.0
BIK1_ARATH,9.887096774193548,16.0,1.0,0.06374072545777881,0.9663000751267726,0.0,0.3079097203751329,5.140017465595991,0.0,0.05585025045457135,0.9498501562201664,0.0,0.09075681898395475,0.9270060375934089,0.0
PDRP1_ARATH,7.0,7.0,7.0,0.17525138142794475,0.5257541442838343,0.0,0.7068887132360598,2.1206661397081796,0.0,0.15422968077094992,0.46268904231284974,0.0,0.11811404782650788,0.35434214347952364,0.0
GH35_ARATH,13.333333333333334,17.0,11.0,0.0277952016635819,0.1667712099814914,0.0,0.1876952406816985,1.1261714440901909,0.0,0.01878198552830177,0.11269191316981063,0.0,0.029134561910691414,0.0905019428754557,0.0
RAC7_ARATH,0.0,0.0,0.0,0.0,0.0,0.0,0.0,0.0,0.0,0.0,0.0,0.0,0.0,0.0,0.0
ASPG2_ECOLI,6.5,9.0,4.0,0.0,0.0,0.0,0.0,0.0,0.0,0.0,0.0,0.0,0.03882334116884393,0.2760942760942761,0.0
BIRA_ECOLI,7.318181818181818,12.0,1.0,0.1293245509934828,0.9849137002075423,0.0,0.49663119748916695,7.283997528413398,0.0,0.0962332361606715,0.9842376199630286,0.0,0.12729028217538702,0.8145400593471809,0.0
G6PI_MOUSE,11.395833333333334,22.0,1.0,0.10009966399613607,0.9858233331286929,0.0,0.6712821402452404,7.219459007275827,0.0,0.09388336250853963,0.9851015148360853,0.0,0.09874517942524924,0.9643459662072009,0.0
OMPT_ECOLI,1.0,1.0,1.0,0.1456900527843194,0.8741403167059164,0.0,0.7297350797645087,4.378410478587052,0.0,0.14386232972845817,0.8631739783707489,0.0,0.1244939271255061,0.7469635627530365,0.0
RL1_ECOLI,8.5,18.0,2.0,0.00164622304106242,0.0246933456159363,0.0,0.0031598922257929873,0.04739838338689481,0.0,7.620797648533133e-05,0.0011431196472799698,0.0,0.06178768601807797,0.5901639344262294,0.0
RS10_ECOLI,5.333333333333333,7.0,2.0,0.0024693345615936302,0.0246933456159363,0.0,0.004739838338689481,0.04739838338689481,0.0,0.00011431196472799698,0.0011431196472799698,0.0,0.0905920434374021,0.5901639344262294,0.0
RS4_ECOLI,9.4,19.0,2.0,0.014596519038835173,0.3773853437179718,0.0,0.10004857512267545,2.6551108158079906,0.0,0.012543293299428082,0.3447508537104268,0.0,0.05353103671066217,0.6028864482163929,0.0
RS8_ECOLI,7.8,17.0,2.0,0.0011758736007588715,0.0246933456159363,0.0,0.0022570658755664197,0.04739838338689481,0.0,5.44342689180938e-05,0.0011431196472799698,0.0,0.05356568298311025,0.5901639344262294,0.0
RFAH_ECOLI,9.333333333333334,20.0,4.0,0.028018136699246216,0.49717208050758027,0.0,0.19096586838010485,3.3894598373262714,0.0,0.024885139282237647,0.4804040124436005,0.0,0.07908678019984035,0.5118842455827658,0.0
MSCS_ECOLI,7.6,10.0,1.0,0.058207504085333095,0.819967001746066,0.0,0.17260270576568532,1.687552831552042,0.0,0.039965062565731166,0.5809126860954712,0.0,0.06760473020113845,0.8145400593471809,0.0
DEGP_ECOLI,5.454545454545454,10.0,1.0,0.07178210908602609,0.9475270737769879,0.0,0.3283140056649237,5.076919602288383,0.0,0.06577017178951364,0.9416153591747297,0.0,0.10705616962194923,0.8276337562051848,0.0
CHSY_ARATH,7.897435897435898,13.0,2.0,0.07226740241776371,0.619952925815928,0.0,0.3333447775314676,2.9656209208159727,0.0,0.052440789718806065,0.5880077036637801,0.0,0.11761711458471169,0.7690147091433217,0.0
G3P_MOUSE,7.785714285714286,25.0,2.0,0.01958236993396106,0.7792030936874269,0.0,0.12292235336608284,5.247115601152358,0.0,0.017329431372945348,0.7751024001228078,0.0,0.08191250760825017,0.5901639344262294,0.0
AES_ECOLI,5.5,10.0,1.0,0.2959575685534908,0.9690614744507021,0.0,2.0279732373012913,8.00008118300754,0.0,0.27917188929383524,0.968736416932102,0.0,0.3908107348482093,0.8691220076055818,0.08279822665383464
NADR_ECOLI,10.588235294117647,17.0,3.0,0.042186801991599396,0.5506601685043951,0.0,0.19260329287572867,2.806457018276428,0.0,0.028863904020794126,0.5077581531905502,0.0,0.047066977812453704,0.6019108280254777,0.0
MMP3_MOUSE,8.555555555555555,14.0,2.0,0.03611085410101605,0.616726623896687,0.0,0.1823955445533585,3.1472322503073453,0.0,0.027768517209719054,0.5721062325192084,0.0,0.07456459840569062,0.6593573737245706,0.0
HS25P_ARATH,10.571428571428571,15.0,4.0,0.03867968345344808,0.5801952518017212,0.0,0.1436855297501028,2.1552829462515417,0.0,0.03419785302583822,0.5129677953875733,0.0,0.058591397936770324,0.43252166735451925,0.0
S10A9_MOUSE,11.945945945945946,17.0,4.0,0.02264272557308286,0.239460586662686,0.0,0.1558166798379152,1.704519306403846,0.0,0.0131297907748265,0.1920988506405311,0.0,0.06292087681012468,0.5921055165522244,0.0
RS18_ARATH,6.0,6.0,6.0,0.0,0.0,0.0,0.0,0.0,0.0,0.0,0.0,0.0,0.06030520316234603,0.18091560948703808,0.0
YTFB_ECOLI,0.0,0.0,0.0,0.0,0.0,0.0,0.0,0.0,0.0,0.0,0.0,0.0,0.0,0.0,0.0
INO1_ARATH,9.0,13.0,3.0,0.08838178846983943,0.7479530719140424,0.0,0.6648960325503387,6.436699668026194,0.0,0.0825336263014651,0.7467550874038378,0.0,0.08540399679270572,0.5889220214452278,0.0
ADT1_MOUSE,11.833333333333334,19.0,4.0,0.04595952142969884,0.7615922946422107,0.0,0.34616822373904116,6.773171904647407,0.0,0.04130919923458409,0.7607209873309323,0.0,0.05963875545265749,0.8429165852160073,0.0
NPHP4_MOUSE,4.407407407407407,9.0,1.0,0.021864432407101855,0.9719808281288705,0.0,0.12666447709153367,5.666313232246642,0.0,0.018063934163452613,0.9686171910655097,0.0,0.18972623228203722,0.8145400593471809,0.0
MALK_ECOLI,7.3,17.0,1.0,0.08733392722944694,0.8351547454143184,0.0,0.6602911928369155,6.015986980726391,0.0,0.08504143463966538,0.833117435942893,0.0,0.10170792034251669,0.9053431877385351,0.0
PTGCB_ECOLI,9.571428571428571,18.0,1.0,0.1252348650419063,0.9205895580121413,0.0,0.8826565912576873,6.590850347853453,0.0,0.12493841609158064,0.9192835779508939,0.0,0.10470887776083918,0.7452315494772213,0.0
APR3_ARATH,0.0,0.0,0.0,0.0,0.0,0.0,0.0,0.0,0.0,0.0,0.0,0.0,0.0,0.0,0.0
XDH_MOUSE,9.959183673469388,18.0,2.0,0.19985495434253464,1.0,0.0,1.6243918429769777,9.60951909544164,0.0,0.19318459424308687,0.9999329129209714,0.0,0.160785520589932,0.9036166131032056,0.0
ACC1_ARATH,8.380952380952381,15.0,4.0,0.13023867559183724,0.4313842306302495,0.0,0.7033247509346596,2.461567734270072,0.0,0.10160151297933502,0.394586674072736,0.0,0.19936916241736413,0.4675324675324676,0.050606220347917764
PORA_ARATH,7.75,9.0,5.0,0.07979055420525757,0.44068700985913245,0.0,0.5482817848891934,3.2304749607115526,0.0,0.066464524113545,0.42326281177574004,0.0,0.10911489205975596,0.6327320302019004,0.0
PRDX2_MOUSE,10.503649635036496,16.0,1.0,0.06293968764603733,0.9360622928941281,0.0,0.42551050980347566,6.408528791059498,0.0,0.05326306699888418,0.9345201803852417,0.0,0.08449341823954035,0.891172036316528,0.0
IFT88_MOUSE,8.29547141796585,18.0,1.0,0.04340860518656684,0.961546505291957,0.0,0.26119699726976386,6.139600936693568,0.0,0.03469881273629519,0.9517821197216806,0.0,0.11382908296076708,0.9349388821063395,0.0
RNF41_MOUSE,11.428571428571429,19.0,2.0,0.11394558323172518,0.8601780372834147,0.0,0.7435750766128228,5.1668678389513225,0.0,0.1054528405550917,0.8475422533749406,0.0,0.11407839149126968,0.6930372158785544,0.0
BUP1_ARATH,11.0,11.0,11.0,0.008503754313010231,0.05102252587806139,0.0,0.058710890008302145,0.35226534004981286,0.0,0.002524819603826212,0.01514891762295727,0.0,0.019533304880348584,0.1171998292820915,0.0
HIS4_ARATH,0.0,0.0,0.0,0.0,0.0,0.0,0.0,0.0,0.0,0.0,0.0,0.0,0.0,0.0,0.0
WAKLI_ARATH,0.0,0.0,0.0,0.0,0.0,0.0,0.0,0.0,0.0,0.0,0.0,0.0,0.0,0.0,0.0
BZR1_ARATH,9.333333333333334,14.0,1.0,0.045840748521289595,0.8084515351713687,0.0,0.17792884647788954,2.461567734270072,0.0,0.03686077041379663,0.7124081439346457,0.0,0.06830030415489026,0.6977696022872415,0.0
WAKLJ_ARATH,5.5,7.0,2.0,0.21920434426240573,0.7140266991058193,0.0,0.8315032169202856,2.684174948751902,0.0,0.16640114785184323,0.6652747388703314,0.0,0.20888351346956124,0.8010187838268068,0.0
DCXR_MOUSE,7.6,12.0,2.0,0.07527937504450416,0.6345885928005113,0.0,0.5347807038393398,4.486716193583246,0.0,0.06886176735320318,0.6274446794823287,0.0,0.10342800580835425,0.7289679098005204,0.0
SMC3_MOUSE,5.0,8.0,1.0,0.0315453085172754,0.9902539319046755,0.0,0.2185764954109581,7.83127694736464,0.0,0.026042335277434672,0.9898606841867806,0.0,0.09746723804703175,0.8145400593471809,0.0
MCA3_MOUSE,7.6923076923076925,15.0,1.0,0.07974186595540823,0.9148299099044165,0.0,0.437509297039625,4.558325725961368,0.0,0.068120159720081,0.9052428675573494,0.0,0.10606798878489719,0.6200732073991763,0.0
TDR_ARATH,6.6,10.0,1.0,0.1600395570656884,0.9006724061236909,0.0,1.035359677788709,5.273548858220514,0.0,0.14674159815551485,0.8960561096983819,0.0,0.18741545165853907,0.8581737315058545,0.0
PEPR2_ARATH,6.666666666666667,9.0,5.0,0.1506003765291105,0.4040654417659395,0.0,0.6492693463174527,1.643273189724334,0.0,0.11058196189414721,0.32594094554311803,0.0,0.12341631142236169,0.36612204068022675,0.0
G3PC2_ARATH,10.375,22.0,2.0,0.04023736761793262,0.5960979339283963,0.0,0.16530777052016646,3.499807894495137,0.0,0.02846389914774464,0.5780938777141943,0.0,0.08331691254569341,0.7690147091433217,0.0
Y1736_ARATH,8.181818181818182,11.0,4.0,0.02113405428651199,0.27103863957378976,0.0,0.11459868794939145,1.620574192448777,0.0,0.014832361892691805,0.21743123520632138,0.0,0.08429109672989302,0.4363958903097051,0.0
PK3CG_MOUSE,8.928571428571429,15.0,2.0,0.0863149949347781,0.6068594490227054,0.0,0.5874583493314262,4.305072373175789,0.0,0.060875504352674546,0.5986669020035905,0.0,0.13076157155858045,0.7206079570853823,0.0
SYCP1_ARATH,11.0,11.0,11.0,0.23612472529651482,0.7083741758895444,0.0,1.4465195164156526,4.3395585492469575,0.0,0.23304511946137355,0.6991353583841207,0.0,0.13389430907775804,0.40168292723327415,0.0
VTC4_ARATH,9.25,12.0,7.0,0.08513739753632099,0.43331645175326955,0.0,0.7354131531086437,3.9259393281029573,0.0,0.08292633112095867,0.424769890850582,0.0,0.07455899693233026,0.3867180170643365,0.0
COPT2_ARATH,0.0,0.0,0.0,0.0,0.0,0.0,0.0,0.0,0.0,0.0,0.0,0.0,0.0,0.0,0.0
AROD2_ARATH,4.0,6.0,2.0,0.05903179502581722,0.5803622246437111,0.0,0.49033272877221695,4.855928904335275,0.0,0.057630666371334474,0.5758457870978457,0.0,0.10229758845828633,0.7289444010755487,0.0
AIM1_ARATH,12.5,17.0,8.0,0.011837418609593215,0.11837418609593216,0.0,0.08593112329159289,0.8593112329159289,0.0,0.006824820577676379,0.06824820577676378,0.0,0.023664232166996296,0.19984387197501957,0.0
ARGI2_ARATH,8.181818181818182,16.0,1.0,0.17415708591037407,0.9499811559995395,0.0,1.397863831590028,8.046137580460295,0.0,0.16688176632903173,0.9496768420652544,0.0,0.16650433937772352,0.817725041871162,0.0
MFP2_ARATH,9.0,9.0,9.0,0.03621696299682855,0.10865088899048564,0.0,0.28643707763864296,0.8593112329159289,0.0,0.02088075808364045,0.06264227425092135,0.0,0.05789623573953396,0.17368870721860188,0.0
AGO4_ARATH,8.870967741935484,19.0,1.0,0.06216021310192368,0.9621068584478193,0.0,0.3567523834641487,6.083158570825478,0.0,0.05784990995471817,0.9596412725026848,0.0,0.09129582149895991,0.9273883208881352,0.0
